timestamp,side,entry_price,exit_price,size,profit_loss,win_loss,usdt_balance,sol_balance,exit_type,sl_distance,tp_distance,macd_at_entry,signal_at_entry,hist_at_entry,atr_at_entry,candles_held
2024-05-30 20:10:00,sell,166.5882175275,166.1818327565625,0.012,-0.009753234502500164,Loss,9.991626686583942,0.0,Stop Loss,0.1151818132142921,3.1810681867856943,-0.8743118337815758,-0.4944016455066911,-0.37991018827488476,0.6278571428571402,0
2024-06-03 14:55:00,sell,163.31903748000002,162.91755280406252,0.0122,-0.009796226092874907,Loss,9.983243391185347,0.0,Stop Loss,0.11600176571428733,3.1802482342857274,-0.6272313256677364,-0.3326153329847125,-0.2946159926830239,0.6278571428571463,0
2024-06-06 16:35:00,sell,171.94687350750002,171.62408193468752,0.0116,-0.007488764489249797,Loss,9.97600929911489,0.0,Stop Loss,0.022052078928567198,1.3466979210714385,-0.16724788957230885,-0.05301121140136612,-0.11423667817094273,0.2607142857142861,0
2024-06-06 16:50:00,sell,171.6069587625,171.28218105281252,0.0116,-0.007534842864749566,Loss,9.968759089352357,0.0,Stop Loss,0.024637333928552607,1.3966126660714338,-0.2446118504707897,-0.09133133921525084,-0.15328051125553888,0.27071428571428513,2
2024-06-06 19:30:00,sell,169.43750289,169.11080741249998,0.0118,-0.0077100132690002396,Loss,9.961406088174256,0.0,Stop Loss,0.03036003285714628,1.4996399671428549,-0.5322878803369804,-0.40721201688625863,-0.12507586345072175,0.2914285714285723,0
2024-06-06 19:35:00,sell,169.01760820500002,168.6828074034375,0.0118,-0.007901298916875533,Loss,9.953966191689297,0.0,Stop Loss,0.03921534785715153,1.674534652142853,-0.6099044163366898,-0.4477504967763449,-0.16215391956034492,0.32642857142857096,0
2024-06-06 19:40:00,sell,169.07759316000002,168.74091985781251,0.0118,-0.00794548993162515,Loss,9.946502976870743,0.0,Stop Loss,0.04098601714287042,1.7102639828571284,-0.6589782902243826,-0.48999605546595243,-0.16898223475843016,0.3335714285714277,0
2024-06-06 20:00:00,sell,168.737678415,168.39973201218748,0.0118,-0.007975535106375468,Loss,8.340123491486247,0.0095,Stop Loss,0.04285698642857483,1.7458930135714184,-0.7170392650341171,-0.5354046973795854,-0.18163456765453168,0.3407142857142844,3
2024-06-06 20:00:00,sell,168.13782886500002,167.77368618468753,0.0095,-0.0069187109259371765,Loss,9.932778122726713,0.0,Stop Loss,0.07015029357143021,2.288599706428556,-0.8031790085380806,-0.6479526698091641,-0.15522633872891645,0.4492857142857117,0
2024-06-07 18:00:00,sell,158.4702536175,163.46997763875,0.0125,0.12499310053125044,Win,9.991759280920725,0.0,Take Profit,0.22257504607142664,5.286174953928594,-1.5686115768762363,-0.9136491672404413,-0.654962409635795,1.0492857142857182,0
2024-06-08 00:10:00,sell,162.01936345500002,161.7285648571875,0.0123,-0.007153645506187775,Loss,9.984695679153324,0.0,Stop Loss,0.007399169285719154,1.0013508307142729,-0.10634400893945894,-0.023621305411718113,-0.08272270352774083,0.19214285714285495,0
2024-06-14 14:40:00,sell,145.1935835775,144.8274666234375,0.0138,-0.010104827932125146,Loss,8.372429743527208,0.011099999999999999,Stop Loss,0.11233357750001005,3.0114164225000195,-0.6676305476299547,-0.38708659880635427,-0.2805439488236004,0.595000000000003,1
2024-06-14 14:40:00,sell,144.3337992225,143.94383645062499,0.0111,-0.008657173535625435,Loss,9.969007995690694,-1.734723475976807e-18,Stop Loss,0.13772779392857615,3.5147722060714557,-0.7950641666777756,-0.46868211238063856,-0.326382054297137,0.6957142857142884,0
2024-06-17 02:00:00,sell,148.6527159825,148.33168327406247,0.0134,-0.00860367658612613,Loss,9.961221483646227,0.0,Stop Loss,0.06110883964288405,2.005141160357141,-0.44731227376937,-0.19696043207917144,-0.25035184169019853,0.393571428571434,3
2024-06-18 01:40:00,sell,130.62723700499998,129.99684740062497,0.0152,-0.019163843973000347,Loss,9.94817007607536,0.0,Stop Loss,0.402594147857144,8.739905852142869,-1.9381475815915223,-1.1578572080470653,-0.7802903735444571,1.741428571428571,0
2024-06-19 14:25:00,sell,135.8159356125,135.48758304375,0.0146,-0.009587895007500175,Loss,9.939907641979781,0.0,Stop Loss,0.09093561250000448,2.5340643874999955,-0.5103352571456128,-0.28616824544632874,-0.22416701169928405,0.500000000000002,0
2024-06-23 20:30:00,sell,129.7174651875,129.43497483562498,0.0153,-0.0086442047673758,Loss,9.932113609378604,0.0,Stop Loss,0.05567947321429756,1.7968205267856945,-0.3170767772298859,-0.1409056441914276,-0.17617113303845833,0.35285714285713865,0
2024-06-24 08:35:00,sell,123.2390900475,125.91008013375003,0.0161,0.08600588077725094,Win,9.971610050064363,0.0,Take Profit,0.11212576178571965,2.8916242382143054,-0.7319322423004309,-0.5269629645292142,-0.20496927777121665,0.5721428571428605,35
2024-06-25 08:40:00,sell,133.75645215749998,133.46077750312497,0.0149,-0.008811104700375171,Loss,9.963718107422327,0.0,Stop Loss,0.06180930035714027,1.9406906996428575,-0.5033672975954175,-0.3696328098597403,-0.13373448773567725,0.3814285714285696,0
2024-06-25 23:15:00,sell,136.23583029750003,135.9505218290625,0.0146,-0.008331007278376013,Loss,9.95607291141261,0.0,Stop Loss,0.047080297500031065,1.6591697024999519,-0.39296628563022296,-0.29636321063816307,-0.09660307499205989,0.32499999999999674,0
2024-06-25 23:20:00,sell,136.185842835,135.8977571465625,0.0146,-0.00841210210237473,Loss,9.948388476311667,0.0,Stop Loss,0.04994997785712485,1.7163000221428604,-0.4230763759185834,-0.32170584369424715,-0.10137053222433623,0.33642857142856997,0
2024-07-04 01:40:00,sell,135.43603089750002,134.99309240437498,0.0147,-0.013022391697876208,Loss,8.345417240312221,0.0117,Stop Loss,0.20638804035715452,4.841111959642859,-0.8783192137428273,-0.2852509693226949,-0.5930682444201324,0.9614285714285741,2
2024-07-04 01:40:00,sell,136.0158854625,135.54694331156253,0.0117,-0.01097324633193669,Loss,9.930127052629944,0.0,Stop Loss,0.23142117678568752,5.344828823214328,-1.2330036333670478,-0.6015400117579057,-0.631463621609142,1.0621428571428595,0
2024-07-04 01:45:00,sell,135.7359556725,135.25655929875,0.0146,-0.013998374113500188,Loss,9.919663077567371,0.0,Stop Loss,0.24238424392856928,5.5626157560714375,-1.36322629621165,-0.7538772686486547,-0.6093490275629952,1.105714285714289,0
2024-07-04 01:55:00,sell,135.64597824,135.15673422375,0.0146,-0.014285925274500358,Loss,8.32466433049437,0.0118,Stop Loss,0.25240681142858534,5.762593188571458,-1.456896743782636,-0.8944811636754509,-0.562415580107185,1.1457142857142912,1
2024-07-04 01:55:00,sell,134.1363568725,133.59607613156248,0.0118,-0.012750625486125102,Loss,9.899915703573043,0.0,Stop Loss,0.30617830107144073,6.830071698928606,-1.6341382996427285,-1.0424125908689066,-0.5917257087738219,1.3592857142857184,0
2024-07-04 23:05:00,sell,132.106865895,131.79066834656248,0.015,-0.009485926453125444,Loss,9.89170650875258,0.0,Stop Loss,0.08525875214286316,2.4009912478571493,-0.5900590003750494,-0.3657842654973605,-0.22427473487768895,0.4735714285714323,0
2024-07-04 23:40:00,sell,130.0973699025,129.75174118968752,0.0152,-0.010507112869499088,Loss,8.302120556236268,0.0123,Stop Loss,0.11826275964284605,3.0504872403571426,-1.085104517542959,-0.7849606407577306,-0.30014387678522836,0.6035714285714298,1
2024-07-04 23:40:00,sell,128.3977961775,128.01656747531248,0.0123,-0.009378226073812834,Loss,9.875543383347651,0.0,Stop Loss,0.15690332035714505,3.814346679642881,-1.2479798370118544,-0.8775644800085555,-0.370415357003299,0.7564285714285727,0
2024-07-04 23:50:00,sell,128.04788394000002,127.653097246875,0.0154,-0.012159430148250409,Loss,8.281347753676323,0.012399999999999998,Stop Loss,0.1710982257142888,4.0964017742857095,-1.389286941017275,-0.9799089722102994,-0.40937796880697563,0.8128571428571435,1
2024-07-04 23:50:00,sell,127.667979225,127.2664533403125,0.0124,-0.009957841940250034,Loss,9.858268197080132,-1.734723475976807e-18,Stop Loss,0.17851493928570505,4.242735060714281,-1.5144786955398217,-1.0868229168762038,-0.4276557786636179,0.8421428571428576,0
2024-07-04 23:55:00,sell,127.84793409,127.44025592625,0.0154,-0.012556487443499754,Loss,9.848547189388436,0.0,Stop Loss,0.1843626614285654,4.360637338571422,-1.580945412666722,-1.1856474160343076,-0.3952979966324144,0.8657142857142871,0
2024-07-05 00:10:00,sell,126.588250035,126.15892978500001,0.0156,-0.013394791799999665,Loss,7.004653265555952,0.0224,Stop Loss,0.20825003499999184,4.831749965000014,-1.715516824516385,-1.291621297730723,-0.4238955267856619,0.9600000000000009,2
2024-07-05 00:10:00,sell,126.5182675875,126.07586106187499,0.0124,-0.01097168183550043,Loss,8.566821437215326,0.01,Stop Loss,0.22148187321430157,5.096018126785722,-1.8069842631505537,-1.3946938908146893,-0.4122903723358644,1.0128571428571445,1
2024-07-05 00:35:00,sell,126.20834532,125.7573121171875,0.01,-0.009020664056250212,Loss,9.823451378546322,0.0,Stop Loss,0.2306667485714371,5.278083251428569,-1.8827837177710478,-1.4923118562059612,-0.3904718615650866,1.0492857142857173,5
2024-07-07 01:00:00,sell,141.2545715325,140.95068853218748,0.0139,-0.008447947408687775,Loss,9.81579258996578,0.0,Stop Loss,0.056892961071440595,1.8818570389285583,-0.5080555817765173,-0.37846065390296624,-0.1295949278735511,0.3692857142857114,0
2024-07-07 01:05:00,sell,141.1146066375,140.8089725775,0.0139,-0.00849662686800047,Loss,9.80811288650391,0.0,Stop Loss,0.05889235178571539,1.9211076482142744,-0.5356614123951715,-0.4099008056014073,-0.12576060679376422,0.37714285714285317,0
2024-07-07 05:05:00,sell,139.145100615,138.84170556375,0.0141,-0.008555740445249796,Loss,8.228072491416448,0.0113,Stop Loss,0.06010061499998187,1.9348993850000227,-0.640443630093813,-0.44167203987731274,-0.19877159021650026,0.3799999999999995,1
2024-07-07 05:05:00,sell,139.00513572,138.697315723125,0.0113,-0.006956731929374933,Loss,9.794176699337006,0.0,Stop Loss,0.06477857714287438,2.0277214228571268,-0.680291083467722,-0.48939584859539464,-0.1908952348723274,0.3985714285714274,0
2024-07-07 21:35:00,sell,134.05637693250003,133.73850512250002,0.0117,-0.007438200354000327,Loss,7.833645561137805,0.0146,Stop Loss,0.0835197896428781,2.37648021035713,-0.9627603795637185,-0.6751801406140405,-0.287580238949678,0.46857142857143075,0
2024-07-07 22:50:00,sell,133.70646469500002,133.37842181624998,0.0146,-0.009578852059501161,Loss,9.779510025936167,0.0,Stop Loss,0.09432183785716575,2.5906781621428365,-0.8505117619474163,-0.5216868865610471,-0.3288248753863692,0.5114285714285712,17
2024-07-17 16:40:00,sell,155.6509607325,155.23013073375,0.0126,-0.010604915968500212,Loss,8.206327019445983,0.010099999999999998,Stop Loss,0.1488178753571674,3.796182124642826,-1.2316673074930975,-0.9257369418610512,-0.30593036563204634,0.7514285714285701,1
2024-07-17 21:35:00,sell,154.741188915,155.96669718,0.0101,0.024755266953000038,Win,9.780409213232844,0.0,Time Exit,0.16226034357143249,4.060239656428564,-1.3275677161608428,-1.0061030967210096,-0.3214646194398332,0.8042857142857136,59
2024-07-18 04:50:00,sell,157.6304642475,157.30453144406246,0.0124,-0.008083133525250604,Loss,9.772948139996789,0.0,Stop Loss,0.05028567607143941,1.8359643239285504,-0.20769768971570102,-0.05898515221634135,-0.14871253749935967,0.3592857142857103,0
2024-07-18 15:10:00,sell,156.54073756500003,156.1262390409375,0.0125,-0.010362463101563435,Loss,9.764344507017498,0.0,Stop Loss,0.14091613642858647,3.6428338635714113,-0.8682102928593167,-0.5082506471146206,-0.3599596457446961,0.720714285714284,0
2024-07-19 00:20:00,sell,157.9303890225,157.6072153321875,0.0124,-0.008014707519750027,Loss,9.756911109034034,0.0,Stop Loss,0.04699616535714313,1.7717538346428228,-0.11164825005516832,0.11697433920706311,-0.22862258926223145,0.346428571428567,0
2024-07-19 08:05:00,sell,160.899644295,160.48271226937499,0.0121,-0.010089755020125386,Loss,9.748461016379627,0.0,Stop Loss,0.1357157235714226,3.56178427642854,-0.2928867734067353,0.18504416344168662,-0.4779309368484219,0.7042857142857112,3
2024-07-23 05:00:00,sell,175.60595576250003,175.204771723125,0.0111,-0.008906285674125866,Loss,8.17801105453172,0.0089,Stop Loss,0.09417004821432329,2.80832995178568,-0.8072465298448321,-0.4741612242744351,-0.33308530557039706,0.5528571428571415,1
2024-07-23 05:05:00,sell,175.39600842,174.99674339718752,0.0089,-0.007106917406061996,Loss,8.105872551754512,0.009300000000000001,Stop Loss,0.09261556285713368,2.776134437142872,-0.8760289163809318,-0.5545347626957344,-0.3214941536851974,0.5464285714285718,1
2024-07-23 05:10:00,sell,174.9261262725,174.51918736874998,0.0093,-0.0075690636097503206,Loss,9.72768372295199,0.0,Stop Loss,0.10112627250001083,2.943873727500005,-0.9574278925401813,-0.6351133886646239,-0.3223145038755575,0.5800000000000003,1
2024-07-23 05:20:00,sell,173.99635947000002,173.55783624468748,0.0112,-0.00982292024700082,Loss,9.719363667068034,0.0,Stop Loss,0.1343951842857507,3.6043548157142595,-1.1479680768152036,-0.8513376531215595,-0.2966304236936441,0.7121428571428591,0
2024-07-25 10:35:00,sell,168.017858955,167.63107893468748,0.0116,-0.008973296471250659,Loss,9.711467670323678,0.0,Stop Loss,0.09303752642858854,2.745712473571416,-0.6028844223667704,-0.3923182259541946,-0.21056619641257585,0.5407142857142873,0
2024-07-25 10:40:00,sell,167.39801442,167.00414181187497,0.0116,-0.009137844508500846,Loss,9.703502051307664,0.0,Stop Loss,0.10122870571430553,2.906271294285716,-0.6754180429813346,-0.4489381893596226,-0.22647985362171197,0.5728571428571436,0
2024-07-27 11:20:00,sell,184.39375167,184.0280605396875,0.0105,-0.007679513736562769,Loss,9.696275000997632,0.0,Stop Loss,0.04321595571428816,1.8355340442857084,-0.39258067227561355,-0.25248805980640693,-0.14009261246920662,0.35785714285714015,0
2024-07-31 04:50:00,sell,178.97511073500002,178.6146893296875,0.0108,-0.007785102354750166,Loss,8.137236854024687,0.0087,Stop Loss,0.0474321635714432,1.8913178364285557,-0.36298821552301774,-0.1843551567390982,-0.17863305878391955,0.3692857142857114,1
2024-07-31 04:50:00,sell,178.1853088275,177.8128800665625,0.0087,-0.006480260440312173,Loss,9.683048681561347,0.0,Stop Loss,0.060844541785712636,2.155405458214261,-0.46660811775868183,-0.24080574894301493,-0.2258023688156669,0.4221428571428549,0
2024-08-01 14:55:00,sell,164.83865634,164.3889031059375,0.0117,-0.0105242256770628,Loss,9.674413513276061,0.0,Stop Loss,0.16169205428570876,4.102057945714279,-0.9865752006646176,-0.5874799102665323,-0.3990952903980852,0.8121428571428554,0
2024-08-01 15:00:00,sell,164.13883186500001,163.6723016746875,0.0118,-0.011010112491375264,Loss,9.665521180167552,0.0,Stop Loss,0.17972472214285062,4.459025277857137,-1.1815547719506014,-0.7062948826033462,-0.47525988934725527,0.8835714285714269,0
2024-08-01 15:05:00,sell,164.018861955,163.540924745625,0.0118,-0.011279318141249996,Loss,9.656496823981929,0.0,Stop Loss,0.19136195499999076,4.691138044999974,-1.3304241822521305,-0.8311207425331031,-0.49930343971902746,0.9299999999999967,0
2024-08-01 15:15:00,sell,163.299042495,162.8091712940625,0.0118,-0.011560960342125007,Loss,9.647346625085914,0.0,Stop Loss,0.204578209285728,4.951671790714272,-1.4893341284171129,-0.9627634197099051,-0.5265707087072078,0.9821428571428551,1
2024-08-02 14:55:00,sell,157.79042412750002,157.22395834781253,0.0122,-0.013821765024374771,Loss,8.091333739710345,0.009799999999999998,Stop Loss,0.2909598417857069,6.650290158214261,-1.229369608365488,-0.5188462992039716,-0.7105233091615163,1.3221428571428544,1
2024-08-02 14:55:00,sell,157.5704792925,156.9982823746875,0.0098,-0.011215059589125099,Loss,9.628762969606829,-1.734723475976807e-18,Stop Loss,0.2970864353571301,6.771663564642864,-1.458277643457592,-0.7067325680546958,-0.7515450754028962,1.346428571428571,0
2024-08-02 15:05:00,sell,156.59072502749999,156.0110836865625,0.0123,-0.01425917698706213,Loss,8.07875141420454,0.0099,Stop Loss,0.3062607417857066,6.949989258214288,-1.6991796351285302,-0.9052219814694628,-0.7939576536590675,1.3821428571428567,1
2024-08-02 15:10:00,sell,155.3510359575,154.76790498468745,0.0099,-0.011545993261688302,Loss,7.987703858108434,0.0105,Stop Loss,0.3119288146428687,7.056821185357137,-1.9674740202253531,-1.1176723892206408,-0.8498016310047123,1.403571428571429,1
2024-08-02 15:20:00,sell,154.3312917225,153.73703282625002,0.0105,-0.012479436821249636,Loss,6.721363115400552,0.0186,Stop Loss,0.32486315107141195,7.310136848928579,-2.236622338802931,-1.341462379137099,-0.8951599596658322,1.4542857142857153,2
2024-08-02 15:20:00,sell,154.68120396,154.093194433125,0.0103,-0.012112996253624966,Loss,8.307332648134745,0.008299999999999998,Stop Loss,0.31798967428571245,7.174510325714294,-2.394084726989888,-1.551986848707657,-0.8420978782822313,1.4271428571428584,1
2024-08-02 15:20:00,sell,154.6112215125,154.00566923343752,0.0083,-0.01005216783243739,Loss,9.584621017481298,-1.734723475976807e-18,Stop Loss,0.33568579821428557,7.528064201785725,-2.4957537236948895,-1.7407402237051035,-0.755013499989786,1.4978571428571448,0
2024-08-02 15:25:00,sell,154.3312917225,153.70851137625002,0.0124,-0.015444952586999556,Loss,9.573553428391,0.0,Stop Loss,0.3534345796428511,7.881565420357163,-2.5693034650028324,-1.9064528719646494,-0.662850593038183,1.5685714285714312,0
2024-08-03 15:40:00,sell,148.60272852,148.22633216812497,0.0129,-0.009711025878375778,Loss,8.039183168096084,0.010299999999999998,Stop Loss,0.1166570914285785,3.115842908571409,-0.7802655649660437,-0.40520234675595407,-0.37506321821008964,0.615714285714286,1
2024-08-03 15:40:00,sell,148.02287395500002,147.6314816765625,0.0103,-0.008062680935813239,Loss,9.558646976168726,-1.734723475976807e-18,Stop Loss,0.13269538357144484,3.4335546164285518,-0.8995336115684438,-0.5040685997184521,-0.3954650118499917,0.6792857142857136,0
2024-08-03 15:45:00,sell,147.2930570025,146.88921094031252,0.013,-0.010499997616874566,Loss,9.55004808108612,0.0,Stop Loss,0.14644985964284274,3.7048001403571504,-1.0409597607689705,-0.6114468319285558,-0.4295129288404147,0.7335714285714293,0
2024-08-03 15:55:00,sell,146.7132024375,146.306125546875,0.013,-0.010583999156250171,Loss,8.005169090971412,0.0105,Stop Loss,0.15070243750000145,3.7867975624999985,-1.1861687407890997,-0.7263912137006646,-0.4597775270884351,0.750000000000002,1
2024-08-03 16:00:00,sell,146.16334035,145.75013553093748,0.0105,-0.008677301200312798,Loss,7.92873438672895,0.010999999999999998,Stop Loss,0.15780463571428527,3.925945364285724,-1.3302935115651167,-0.8471716732735551,-0.4831218382915615,0.7778571428571459,1
2024-08-03 16:05:00,sell,145.823425605,145.40110428656251,0.011,-0.009291069005624934,Loss,7.937734959020773,0.0109,Stop Loss,0.16753274785713757,4.118717252142858,-1.4551742463717972,-0.9687721878932036,-0.4864020584785935,0.816428571428574,1
2024-08-03 16:05:00,sell,145.6534682325,145.22801473687497,0.0109,-0.00927488620462546,Loss,9.519533080632236,0.0,Stop Loss,0.1709682325000017,4.186531767500014,-1.549993349181932,-1.0850164201509493,-0.46497692903098264,0.8300000000000024,0
2024-08-03 16:15:00,sell,145.063616175,144.6424337165625,0.0131,-0.011034980411062486,Loss,7.9826370604079395,0.010500000000000002,Stop Loss,0.16772331785713845,4.118526682142885,-1.6536836052390527,-1.19874985716857,-0.4549337480704827,0.816428571428574,1
2024-08-03 16:15:00,sell,145.383535935,144.9568827028125,0.0105,-0.0089597178759376,Loss,9.503542793336186,1.734723475976807e-18,Stop Loss,0.1726430778571455,4.218606922142868,-1.6905499471044436,-1.2971098751557448,-0.3934400719486988,0.8364285714285741,0
2024-08-03 17:05:00,sell,144.74369641500002,144.3065936428125,0.0131,-0.01145209263131327,Loss,9.494500894274488,0.0,Stop Loss,0.18423212928573207,4.447017870714291,-1.751222437772725,-1.387932387679141,-0.36329005009358406,0.8821428571428608,9
2024-08-04 08:00:00,sell,140.80468437000002,140.4701020996875,0.0135,-0.009033721298438139,Loss,7.968877524836509,0.010800000000000002,Stop Loss,0.08843437000001586,2.510315630000008,-0.7242114388432697,-0.47045900930953405,-0.2537524295337356,0.4950000000000025,1
2024-08-04 08:00:00,sell,140.3947871775,140.0490541940625,0.0108,-0.0074678324422500055,Loss,9.480272912793414,1.734723475976807e-18,Stop Loss,0.10032289178570863,2.745927108214289,-0.7852697455568034,-0.5334211565589879,-0.2518485889978155,0.5421428571428594,0
2024-08-04 08:05:00,sell,139.9349025225,139.5741720515625,0.0135,-0.009739722715312808,Loss,9.472098850747486,0.0,Stop Loss,0.11615252250001618,3.060097477499994,-0.8608536639727618,-0.5989076580417427,-0.261946005931019,0.6049999999999999,0
2024-08-04 08:10:00,sell,140.064869925,139.697705581875,0.0135,-0.009913437264375317,Loss,9.463834924333781,0.0,Stop Loss,0.1223699250000152,3.185130074999961,-0.8998911651365518,-0.6591043594607046,-0.2407868056758472,0.6299999999999975,0
2024-08-04 14:35:00,sell,139.8349275975,139.47577304906252,0.0135,-0.009697172807812165,Loss,7.943811429544004,0.010899999999999998,Stop Loss,0.11474902607142212,3.0315009739285586,-0.821842028508712,-0.35052404055385716,-0.47131798795485486,0.5992857142857113,1
2024-08-04 14:40:00,sell,138.56524605,138.1792948875,0.0109,-0.008413735342500455,Loss,7.854316134332049,0.0115,Stop Loss,0.14381747857143523,3.6061825214285363,-1.0445175009459717,-0.4893227326322801,-0.5551947683136916,0.7142857142857123,1
2024-08-04 14:45:00,sell,138.5152585875,138.1165476975,0.0115,-0.00917035046999976,Loss,7.865830337129408,0.0114,Stop Loss,0.15668715892854834,3.8633128410714335,-1.2110636118190996,-0.633670908469644,-0.5773927033494556,0.7657142857142836,1
2024-08-04 14:50:00,sell,138.07536891750001,137.66448271500002,0.0114,-0.009368205416999889,Loss,7.864638248253195,0.011299999999999998,Stop Loss,0.16965463178570417,4.120345368214288,-1.3628468768984021,-0.7795061021553957,-0.5833407747430064,0.817142857142855,1
2024-08-04 14:50:00,sell,138.745200915,138.310137039375,0.0113,-0.00983244358912479,Loss,9.426370618386724,-1.734723475976807e-18,Stop Loss,0.19270091499998898,4.584799084999986,-1.4127870774374856,-0.9061622972118137,-0.5066247802256718,0.9099999999999966,0
2024-08-04 15:00:00,sell,137.7554491575,137.3024385590625,0.0137,-0.012412490397187923,Loss,7.905541809339686,0.011,Stop Loss,0.21241344321430233,4.97383655678567,-1.5147882365214969,-1.0278874850737505,-0.48690075144774636,0.9878571428571377,1
2024-08-04 15:00:00,sell,137.2555745325,136.78584379593747,0.011,-0.010334076204375549,Loss,9.409057607883682,0.0,Stop Loss,0.23003881821429673,5.323711181785683,-1.6173271704304,-1.1457754221450804,-0.47155174828531954,1.0578571428571368,0
2024-08-04 15:10:00,sell,136.64572748999998,136.168889180625,0.0138,-0.013160737338749538,Loss,7.894022270073288,0.011,Stop Loss,0.23822748999998566,5.4842725099999825,-1.7278938318071084,-1.262199104077486,-0.4656947277296224,1.0899999999999932,1
2024-08-04 15:10:00,sell,136.6957149525,136.21612783218748,0.011,-0.01055091664687535,Loss,9.391275893172734,0.0,Stop Loss,0.24089352392857677,5.537856476071369,-1.7908404316685562,-1.3679273695957002,-0.42291306207285606,1.1007142857142773,0
2024-08-05 19:15:00,sell,128.467778625,128.015319661875,0.0146,-0.013211801723249903,Loss,9.38139071748581,0.0,Stop Loss,0.22813576785713963,5.23936423214289,-0.5914580462905121,-0.0059513183983932036,-0.5855067278921189,1.0414285714285743,4
2024-08-15 18:10:00,sell,140.304809745,139.906625203125,0.0134,-0.010671345722249918,Loss,7.877177164874395,0.0107,Stop Loss,0.15302403071427761,3.799475969285737,-0.8908039213008863,-0.38856289429421315,-0.5022410270066731,0.7528571428571463,1
2024-08-15 18:10:00,sell,139.6349777475,139.22353647562497,0.0107,-0.008804843218125432,Loss,9.365751736283364,0.0,Stop Loss,0.16747774750001554,4.085022252500011,-1.146536030440842,-0.540157521523539,-0.606378508917303,0.8100000000000023,0
2024-08-15 18:15:00,sell,139.11510813750002,138.6846593296875,0.0135,-0.011622117810938163,Loss,9.356656561308434,0.0,Stop Loss,0.1874295660714438,4.481320433928573,-1.3753114888218079,-0.7071883149831928,-0.6681231738386151,0.8892857142857155,0
2024-08-16 12:35:00,sell,139.3350529725,138.9866301815625,0.0134,-0.009337730797124756,Loss,9.348721921608046,0.0,Stop Loss,0.1048744010714131,2.831375598928588,-0.839021613524551,-0.5300078269962577,-0.30901378652829325,0.5592857142857172,1
2024-08-18 21:55:00,sell,145.0336236975,144.744576159375,0.0129,-0.0074574264836251075,Loss,9.341719998039641,0.0,Stop Loss,0.035409411785707334,1.4720905882143143,-0.20791104482458422,-0.026443263979637914,-0.1814677808449463,0.2871428571428599,0
2024-08-19 00:00:00,sell,142.0343759475,141.71203298812497,0.0132,-0.008509854127500558,Loss,9.334185391356309,0.0,Stop Loss,0.07401880464286137,2.2284811953571477,-0.8181855073642339,-0.6397322547603628,-0.17845325260387113,0.43857142857143167,0
2024-08-20 15:05:00,sell,141.72445367999998,141.35319749531246,0.0132,-0.00980116327575065,Loss,7.837046890139229,0.010499999999999999,Stop Loss,0.12356082285714365,3.2176891771428586,-0.8771709077130936,-0.6200017798561136,-0.25716912785698,0.6364285714285712,1
2024-08-20 15:05:00,sell,141.664468725,141.286350346875,0.0105,-0.007940485940625195,Loss,9.319440938772434,-1.734723475976807e-18,Stop Loss,0.13054015357144522,3.356959846428566,-0.9458914577781457,-0.68517971544052,-0.2607117423376256,0.6642857142857151,0
2024-08-27 21:45:00,sell,150.0923549025,149.67236968312497,0.0124,-0.010415633440500892,Loss,7.814955985055131,0.0101,Stop Loss,0.1577120453571581,3.944787954642834,-1.0982028985820307,-0.6921289439116325,-0.4060739546703982,0.7814285714285713,1
2024-08-27 21:45:00,sell,147.9728864925,147.5099089959375,0.0101,-0.009352145430562534,Loss,9.303688678353456,0.0,Stop Loss,0.20449363535715293,4.869256364642837,-1.335030318090645,-0.8207092187474351,-0.51432109934321,0.9664285714285735,0
2024-08-28 08:00:00,sell,143.963892,143.62065277031252,0.0129,-0.008855572125936715,Loss,7.805407253274934,0.010400000000000001,Stop Loss,0.09157057142854796,2.5896794285714293,-0.6997711864339067,-0.40129406777380927,-0.2984771186600974,0.5107142857142841,1
2024-08-28 08:00:00,sell,143.184087585,142.823656501875,0.0104,-0.0074969665289995645,Loss,9.289659256373719,1.734723475976807e-18,Stop Loss,0.11015901357140478,2.9573409864285622,-0.8517185916107337,-0.49137897254119417,-0.36033961906953954,0.5842857142857127,0
2024-08-29 22:05:00,sell,138.66522097499998,138.2646809784375,0.0134,-0.010734471907874627,Loss,9.281042486440947,0.0,Stop Loss,0.15825668928570735,3.8954933107143006,-1.3521784309280065,-1.0150210223749248,-0.33715740855308174,0.7721428571428594,37
2024-08-30 15:10:00,sell,134.8161863625,134.388437664375,0.0138,-0.011805864068249627,Loss,9.271886308379496,0.0,Stop Loss,0.1922577910714267,4.555242208928576,-1.1352666667069116,-0.7610168732663142,-0.3742497934405974,0.904285714285712,0
2024-08-30 15:15:00,sell,133.666474725,133.23171460781248,0.0139,-0.012086331257813127,Loss,9.262594378303303,0.0,Stop Loss,0.20129615357143393,4.729953846428572,-1.2794834930082573,-0.8647101972147029,-0.4147732957935544,0.9392857142857147,0
2024-08-30 15:25:00,sell,133.34655496500002,132.9079961503125,0.0139,-0.012191935048313195,Loss,9.253257472432779,0.0,Stop Loss,0.2056621078571652,4.815587892142844,-1.4771369080297063,-1.0718574744589007,-0.40527943357080565,0.9564285714285745,0
2024-08-30 15:35:00,sell,133.146605115,132.704246041875,0.0139,-0.012297582232875123,Loss,9.243872649149854,0.0,Stop Loss,0.20981940071428085,4.897680599285735,-1.5415132525345427,-1.1657886300740292,-0.3757246224605135,0.9728571428571472,1
2024-08-31 06:00:00,sell,137.62548175499998,137.38425946874997,0.0134,-0.006464757271500196,Loss,7.751299781223442,0.010799999999999999,Stop Loss,0.0004817549999813764,0.7345182450000607,-0.1245434786339672,-0.03533756553655592,-0.08920591309741127,0.1400000000000087,1
2024-08-31 06:00:00,sell,137.465521875,137.2218654628125,0.0108,-0.005262978503250111,Loss,9.232184431111568,-1.734723475976807e-18,Stop Loss,0.0032004464285932954,0.7880495535714545,-0.1634398545858744,-0.060958023346419615,-0.10248183123945478,0.15071428571429482,0
2024-08-31 10:15:00,sell,135.9359055225,137.15466179625,0.0136,0.0331501706459997,Win,9.245509959990246,0.0,Take Profit,0.03715552250000087,1.4590944775000025,-0.379962869790603,-0.22627160554688802,-0.153691264243715,0.28500000000000064,16
2024-09-01 02:25:00,sell,133.02663520500002,132.74346303562498,0.0139,-0.00787218630862598,Loss,9.238339095083287,0.0,Stop Loss,0.050563776428589335,1.7119362235714277,-0.5150144651452138,-0.3639571724341611,-0.15105729271105267,0.33571428571428896,3
2024-09-01 05:40:00,sell,131.65697873250002,131.36748133218748,0.014,-0.008105927208751154,Loss,9.231061730179922,0.0,Stop Loss,0.0593001610714623,1.8794498389285366,-0.4699683618028416,-0.27028815399131584,-0.1996802078115258,0.3692857142857114,0
2024-09-03 13:40:00,sell,132.1968433275,131.882828281875,0.014,-0.008792421277500352,Loss,9.223428141429213,0.0,Stop Loss,0.08291475607143184,2.3545852439285397,-0.39325813607257487,-0.07495651415168522,-0.3183016219208896,0.46428571428571225,0
2024-09-03 13:45:00,sell,131.8169386125,131.4968974115625,0.014,-0.00896115362625028,Loss,9.215719562768268,0.0,Stop Loss,0.0896171839285671,2.4866328160714204,-0.5115826716986192,-0.162281745661072,-0.34930092603754714,0.490714285714284,0
2024-09-03 14:15:00,sell,130.62723700499998,130.28723141343747,0.0141,-0.00958815768206295,Loss,9.207704008725539,0.0,Stop Loss,0.11170129071427937,2.9220487092857184,-0.9344280716497337,-0.6048513058741106,-0.3295767657756231,0.5778571428571411,1
2024-09-06 14:30:00,sell,128.9776507425,128.55526636218747,0.0143,-0.012080193276938536,Loss,9.198438930223086,0.0,Stop Loss,0.19711502821431282,4.62163497178571,-0.5788776899760819,-0.11029400318205833,-0.46858368679402357,0.9178571428571445,1
2024-09-13 11:55:00,sell,132.546755565,132.282128581875,0.0139,-0.007356630130874947,Loss,9.191537329820681,0.0,Stop Loss,0.03282699357143315,1.354673006428584,-0.25802081857591475,-0.14159284037434655,-0.1164279782015682,0.2642857142857155,0
2024-09-13 12:05:00,sell,132.4767731175,132.21242928843748,0.0139,-0.007348758447937814,Loss,7.71356588585463,0.011100000000000002,Stop Loss,0.03266597464286747,1.351084025357153,-0.30097583034890363,-0.173469438369258,-0.12750639197964564,0.26357142857143046,1
2024-09-13 12:20:00,sell,132.3967931775,132.1325692284375,0.0111,-0.005865771669187757,Loss,9.17913740065146,0.0,Stop Loss,0.03268603464286457,1.351063965357156,-0.337581884241132,-0.20629192754363282,-0.13128995669749918,0.26357142857143046,3
2024-09-14 18:05:00,sell,135.72595818,135.46084418437496,0.0135,-0.007158077881875784,Loss,9.172352686093156,0.0,Stop Loss,0.027743894285720216,1.2697561057142934,-0.23256594798741048,-0.13718888531306134,-0.09537706267434914,0.24714285714285772,0
2024-09-18 04:50:00,sell,130.707216945,130.4562210046875,0.014,-0.0070278863287497875,Loss,9.165637219838231,0.0,Stop Loss,0.02239551642855986,1.1363544835714379,-0.1609977164672216,-0.046585461065988314,-0.11441225540123329,0.22071428571428595,0
2024-10-01 13:25:00,sell,154.8711563175,154.5557767003125,0.0118,-0.007442958965625405,Loss,9.15871861277812,0.0,Stop Loss,0.04454917464286723,1.7067008253571316,-0.40123136647943625,-0.27658501146451153,-0.12464635501492471,0.3335714285714277,0
2024-10-01 13:30:00,sell,154.29130175250003,153.96502616718752,0.0119,-0.007765358930437873,Loss,9.15162389105911,0.0,Stop Loss,0.056480323928582266,1.9422696760713904,-0.47781446003864403,-0.31683090117933804,-0.160983558859306,0.38071428571428456,0
2024-10-01 13:40:00,sell,153.23156754750002,152.8915500928125,0.0119,-0.008092415421562789,Loss,9.144387845329,0.0,Stop Loss,0.07210326178571336,2.2491467382142787,-0.6169286847925548,-0.3768504579019814,-0.2400782268905734,0.442142857142859,1
2024-10-02 09:40:00,sell,146.48326011,146.172074731875,0.0125,-0.007779634453125084,Loss,9.137294791276826,0.0,Stop Loss,0.05504582428571325,1.8724541757142958,-0.2471775226357238,-0.09504406839203837,-0.1521334542436854,0.3671428571428582,0
2024-10-02 09:45:00,sell,145.92340053,145.60485439500002,0.0125,-0.00796365337499978,Loss,9.130122050704372,0.0,Stop Loss,0.06340052999999557,2.0365994699999987,-0.3338058992346191,-0.14279643456055452,-0.1910094646740646,0.3999999999999996,0
2024-10-02 09:55:00,sell,146.01337796250002,145.68863615437502,0.01,-0.0064948361624999505,Loss,7.299577841226965,0.012499999999999999,Stop Loss,0.06944939107143,2.158050608928562,-0.44189764570924694,-0.24457765779011265,-0.1973199879191343,0.4242857142857121,0
2024-10-02 10:00:00,sell,145.8334230975,145.5141205321875,0.0125,-0.007982564132812798,Loss,9.117140152999319,0.0,Stop Loss,0.06431595464286488,2.054434045357141,-0.4050525658094273,-0.19524766081032907,-0.2098049049990982,0.40357142857142697,2
2024-10-03 08:10:00,sell,138.1553488575,137.80209871124998,0.0132,-0.00932580386100051,Loss,9.109287534210578,0.0,Stop Loss,0.11177742892857623,2.963222571071441,-0.7055256830116718,-0.3740299797218782,-0.33149570328979366,0.585714285714289,0
2024-10-03 08:15:00,sell,137.69546420249998,137.33488170843748,0.0132,-0.009519377843249958,Loss,9.10134883043304,0.0,Stop Loss,0.1199284882142706,3.123821511785735,-0.8456725714669631,-0.4683584980708952,-0.3773140733960679,0.6178571428571453,0
2024-10-03 08:30:00,sell,136.985642235,136.60633692000002,0.0133,-0.010089521378999523,Loss,9.093117688758262,0.0,Stop Loss,0.13992794928569197,3.5200720507143046,-1.116558320249652,-0.7430948886694417,-0.37346343158021034,0.6971428571428585,0
2024-10-07 09:35:00,sell,146.93314727249998,146.62699185937498,0.0124,-0.007592654245499943,Loss,9.08613393579022,0.0,Stop Loss,0.049218701071396254,1.7582812989286083,-0.3718990796792525,-0.2173724144458555,-0.154526665233397,0.3442857142857158,2
2024-10-08 03:55:00,sell,143.52400233,144.4568660325,0.0127,0.023694738043499655,Win,9.09478077375401,0.0,Time Exit,0.09257375857143302,2.607426241428584,-0.4892541827961736,-0.22374895537749603,-0.26550522741867755,0.5142857142857176,59
2024-10-13 14:55:00,sell,145.39353342750002,145.08790311375,0.01,-0.006112606275000303,Loss,7.270567983118157,0.012499999999999999,Stop Loss,0.05139057035714245,1.793609429642828,-0.4474868161276504,-0.25147521340838686,-0.19601160271926354,0.3514285714285685,0
2024-10-13 15:00:00,sell,145.343545965,145.03959490781247,0.0125,-0.007598776429688314,Loss,9.082203173263553,0.0,Stop Loss,0.049795965000015485,1.7614540349999857,-0.39477920317628445,-0.20247231272857097,-0.19230689044771349,0.3449999999999968,2
2024-10-17 05:10:00,sell,153.21157256249998,152.91044555343748,0.0119,-0.007166822815687443,Loss,9.075429993372895,0.0,Stop Loss,0.03317970535712789,1.4705702946428119,-0.30031124301956424,-0.1711057455763591,-0.12920549744320514,0.28642857142856065,3
2024-10-22 08:00:00,sell,166.91813478000003,166.57721135718754,0.0109,-0.007432130617312379,Loss,7.618546256963393,0.0087,Stop Loss,0.04902763714287062,1.8597223628570987,-0.14141357700401613,0.0384395544630793,-0.17985313146709542,0.36357142857142677,2
2024-10-22 08:00:00,sell,166.498240095,166.148498311875,0.0087,-0.006085507026375205,Loss,9.062954073325221,0.0,Stop Loss,0.05859723785715687,2.048902762142859,-0.276263377111718,-0.06156510437107218,-0.21469827274064582,0.40142857142857175,0
2024-10-25 17:55:00,sell,169.057598175,168.6250514671875,0.0107,-0.009256499547187928,Loss,7.609708602986101,0.008599999999999998,Stop Loss,0.13706246071430428,3.631687539285707,-1.1297670549146517,-0.9671507993938779,-0.16261625552077374,0.7178571428571457,1
2024-10-25 17:55:00,sell,167.9078865375,167.447650359375,0.0086,-0.007916062263750018,Loss,9.048678358731909,-1.734723475976807e-18,Stop Loss,0.16681510892857432,4.220684891071443,-1.2375778058039373,-1.02123620067589,-0.21634160512804734,0.835714285714287,0
2024-10-25 18:00:00,sell,167.41800940500002,166.94085984468748,0.0108,-0.010306430502750869,Loss,9.040362998089792,0.0,Stop Loss,0.18461654785716064,4.574133452142831,-1.3470297866339536,-1.0863949178675028,-0.2606348687664508,0.9064285714285713,0
2024-10-25 18:10:00,sell,165.51848583,165.02154451875,0.0109,-0.010833320585249953,Loss,9.031791329217725,0.0,Stop Loss,0.20777154428571976,5.027228455714294,-1.5689989478354391,-1.1829157238610901,-0.386083223974349,0.9971428571428577,1
2024-10-25 23:05:00,sell,162.8091653625,162.39222334687497,0.0111,-0.009256112746875881,Loss,9.024002366858674,0.0,Stop Loss,0.13237964821431092,3.505120351785706,-1.0135579836843647,-0.6073747201972322,-0.4061832634871325,0.6928571428571421,1
2024-10-25 23:20:00,sell,161.28954650250003,160.83227829093752,0.0112,-0.010242807939000158,Loss,9.015721720579531,0.0,Stop Loss,0.1754393596428656,4.358310640357104,-1.358261727490543,-0.8413826646526028,-0.5168790628379403,0.8635714285714248,2
2024-10-30 11:20:00,sell,175.935873015,175.5785809771875,0.0102,-0.007288757571374982,Loss,9.008937823402368,0.0,Stop Loss,0.04962301500000876,1.9191269850000197,-0.5421700954963171,-0.3997816436292024,-0.14238845186711474,0.3750000000000061,0
2024-10-30 11:25:00,sell,175.71592818,175.35557888999998,0.0103,-0.007423195374000335,Loss,9.002059918122443,0.0,Stop Loss,0.05307103714287109,1.9869289628571778,-0.5904294539394925,-0.4379112056912604,-0.15251824824823212,0.3885714285714345,0
2024-10-31 14:30:00,sell,170.3672696925,169.9566466640625,0.0106,-0.008705208202874975,Loss,8.994548457920526,0.0,Stop Loss,0.11280540678572493,3.1534445932142887,-0.8250334035100195,-0.519998915326677,-0.30503448818334256,0.6221428571428577,6
2024-10-31 22:25:00,sell,167.63795424000003,167.2963084153125,0.0107,-0.00731122064831319,Loss,8.987754773089337,0.0,Stop Loss,0.04848995428574199,1.8527600457142626,-0.38641362178157124,-0.17603295873330027,-0.21038066304827097,0.36214285714285666,1
2024-11-01 21:35:00,sell,164.42875914750002,164.07195849281248,0.0109,-0.007778254272188207,Loss,8.980730290150316,0.0,Stop Loss,0.0692948617857212,2.2519551382142424,-0.504136857252945,-0.32293839115699985,-0.18119846609594514,0.4421428571428529,0
2024-11-02 14:40:00,sell,163.3290349725,162.943400368125,0.011,-0.008483961296250299,Loss,7.537517544646654,0.008799999999999999,Stop Loss,0.10010640107142876,2.862393598928577,-0.5440243269905807,-0.46619463628476865,-0.07782969070581203,0.5642857142857187,1
2024-11-02 14:45:00,sell,162.99911772000002,162.61433413875,0.0088,-0.00677219103000034,Loss,8.967450430462339,0.0,Stop Loss,0.09983200571431894,2.855167994285722,-0.59370951359287,-0.49169761174638893,-0.10201190184648112,0.5628571428571466,1
2024-11-03 19:20:00,sell,158.07035391750003,160.1151420825,0.0113,0.046212212528999354,Win,8.98741157791544,0.0,Take Profit,0.07463963178571476,2.3253603682142625,-0.37056991431646225,-0.04966761374490463,-0.3209023005715576,0.45714285714285346,7
2024-11-06 08:30:00,sell,180.494729595,179.85715499531247,0.01,-0.012751491993750506,Loss,8.977880149206099,0.0,Stop Loss,0.3224081664285734,7.398841833571396,-1.2645547888026556,-0.7681929903017819,-0.4963617985008737,1.4707142857142819,0
2024-11-08 15:05:00,sell,198.9401032575,198.40661478,0.009,-0.009602792594999755,Loss,7.535135953076335,0.0072,Stop Loss,0.18581754321428434,4.764182456785704,-0.8727808644582637,-0.3159209835705549,-0.5568598808877088,0.9428571428571401,1
2024-11-08 15:05:00,sell,199.0800681525,198.541735149375,0.0072,-0.007751995244999852,Loss,8.963564320782028,0.0,Stop Loss,0.19042529535713015,4.857074704642855,-0.998460836809727,-0.45242895421838936,-0.5460318825913376,0.96142857142857,0
2024-11-10 21:10:00,sell,200.42972964,199.7669096859375,0.0089,-0.011798195182312735,Loss,8.954546168864718,0.0,Stop Loss,0.31276535428571606,7.310984645714285,-2.3878729648001524,-1.905272174354406,-0.48260079044574633,1.452142857142858,1
2024-11-19 04:15:00,sell,239.29998048000002,238.7696360428125,0.0075,-0.007955166557812844,Loss,8.947428959983071,0.0,Stop Loss,0.11194476571429846,3.499305234285714,-0.10938068234662524,0.26009838048778755,-0.3694790628344128,0.6878571428571446,0
2024-11-19 04:25:00,sell,239.4699378525,238.93345612125,0.0075,-0.008047225968750097,Loss,8.940263523951764,0.0,Stop Loss,0.11779499535714422,3.617205004642841,-0.2453670483368171,0.08821822995760804,-0.33358527829442514,0.711428571428572,0
2024-11-21 02:40:00,sell,230.5921645125,230.0098074525,0.0078,-0.009084770135999884,Loss,7.5045749647076665,0.006199999999999999,Stop Loss,0.17930736964285643,4.800692630357133,-1.4726321246472764,-0.7558325668111325,-0.7167995578361439,0.9485714285714246,1
2024-11-21 02:40:00,sell,230.09228988750002,229.503551715,0.0062,-0.007300353339000367,Loss,8.926429793825191,-8.673617379884035e-19,Stop Loss,0.18657560178573362,4.943424398214262,-1.6448171479055986,-0.9336294830300258,-0.7111876648755728,0.9771428571428535,0
2024-11-26 11:00:00,sell,225.61341324749998,224.931206761875,0.0079,-0.010778862472874812,Loss,8.917923515093939,0.0,Stop Loss,0.28805610464283404,6.949443895357149,-1.770367966927438,-1.1152863171671736,-0.6550816497602643,1.3785714285714294,0
2024-11-26 18:30:00,sell,224.4337091325,223.84560907125,0.0079,-0.00929198096775005,Loss,8.910176438273066,0.0,Stop Loss,0.195851989642847,5.0991480103571405,-1.193557069703587,-0.5043188030989535,-0.6892382666046336,1.008571428571427,0
2024-11-26 18:35:00,sell,224.10379188,223.5012125625,0.0079,-0.009520753216499806,Loss,8.902319624832383,0.0,Stop Loss,0.21093473714284983,5.399065262857135,-1.3950585918354363,-0.6824667608462501,-0.7125918309891862,1.0685714285714252,0
2024-11-28 03:30:00,sell,239.00005570500002,238.380496509375,0.0074,-0.009169476095250229,Loss,8.894641504246131,0.0,Stop Loss,0.20184141928572785,5.295658580714274,-0.9562085024794271,-0.48126888014116914,-0.474939622338258,1.047142857142857,0
2024-11-28 03:35:00,sell,238.960065735,238.3389621478125,0.0074,-0.009192333090374871,Loss,8.886952481900023,0.0,Stop Loss,0.20345859214285156,5.327791407857148,-1.0511123309505308,-0.5952375703030415,-0.45587476064748933,1.0535714285714286,0
2024-11-30 10:55:00,sell,240.3097272225,239.7917735071875,0.0074,-0.007665714986625017,Loss,8.880008708010244,0.0,Stop Loss,0.09776293678569914,3.2209870632143236,-0.9104199939303612,-0.6304212073107669,-0.2799987866195943,0.6321428571428588,0
2024-12-02 03:50:00,sell,230.3922146625,229.83422227593746,0.0077,-0.00859308275306321,Loss,8.872609078151319,0.0,Stop Loss,0.1552503767857445,4.318499623214308,-1.2987791621347355,-0.9739824269653391,-0.32479673516939644,0.8521428571428638,0
2024-12-02 03:55:00,sell,228.4527011175,227.86445963531247,0.0078,-0.009176567122125424,Loss,8.86490407271789,0.0,Stop Loss,0.18895111750001092,4.982298882500032,-1.49866880976424,-1.0789197035251192,-0.41974910623912076,0.9850000000000055,0
2024-12-02 11:05:00,sell,223.31398997250002,222.76892433375,0.0079,-0.008612037092250502,Loss,8.857512201827838,0.0,Stop Loss,0.15470425821430922,4.270295741785702,-0.8433488422654705,-0.5995141867309166,-0.24383465553455386,0.8428571428571416,0
2024-12-03 13:55:00,sell,218.205271305,217.54486424812498,0.0081,-0.010698594321375259,Loss,8.849072087687343,0.0,Stop Loss,0.2791998764285779,6.733300123571439,-1.276638427316385,-0.7120374921596826,-0.5646009351567025,1.335714285714287,0
2024-12-04 17:00:00,sell,225.7133881725,225.01071030375,0.0078,-0.010961774752500241,Loss,8.840512560901315,0.0,Stop Loss,0.3083881725000026,7.356611827500018,-1.779753024230729,-1.1621269400739083,-0.6176260841568206,1.460000000000002,1
2024-12-08 08:35:00,sell,235.52092831500002,235.037782569375,0.0075,-0.007247186184375351,Loss,8.833798705144675,0.0,Stop Loss,0.07128545785715801,2.6662145421428534,-0.6120184339904426,-0.3869055776806495,-0.22511285630979316,0.5214285714285742,0
2024-12-15 07:40:00,sell,215.90584803000002,215.4298204715625,0.0082,-0.007806851958375364,Loss,8.826798185615587,0.0,Stop Loss,0.09852660142857417,3.1077233985714656,-0.9832088803955514,-0.7237127747619837,-0.25949610563356773,0.6107142857142926,0
2024-12-15 21:20:00,sell,217.95533399250002,217.50671680874999,0.0081,-0.007267598376750498,Loss,8.820075827711849,0.0,Stop Loss,0.0674768496428726,2.4975231503570967,-0.6038651598616411,-0.33051874894306593,-0.2733464109185752,0.48857142857142477,0
2024-12-15 21:25:00,sell,217.4154693975,216.9567876009375,0.0081,-0.007430645104312526,Loss,8.813279664544767,0.0,Stop Loss,0.07850511178571651,2.715244888214272,-0.7524564003369392,-0.4149062792218406,-0.3375501211150986,0.5321428571428543,0
2024-12-15 21:30:00,sell,217.55543429250002,217.08424283062502,0.0081,-0.0076333016823751385,Loss,8.806380263947634,0.0,Stop Loss,0.09079143535714707,2.9617085646428336,-0.8491309460046637,-0.5017512125784053,-0.3473797334262584,0.5814285714285684,0
2024-12-16 11:55:00,sell,214.0763069025,213.58376962031247,0.0082,-0.008077611427875445,Loss,8.799270735151032,0.0,Stop Loss,0.11827118821429394,3.49297881178569,-1.1319882223388333,-0.9360019498532357,-0.19598627248559763,0.6878571428571385,0
2024-12-17 14:30:00,sell,220.42471464,219.89520998718746,0.008,-0.008472074445000545,Loss,8.791950163788607,0.0,Stop Loss,0.14417892571430002,4.044571074285727,-0.6087072975971068,-0.1328696959750166,-0.4758376016220902,0.797857142857144,0
2024-12-17 14:35:00,sell,220.0548074175,219.51730077468747,0.008,-0.008600106285000493,Loss,8.784570806181458,0.0,Stop Loss,0.1528431317857155,4.21590686821429,-0.7725967807786276,-0.26081511293573884,-0.5117816678428888,0.8321428571428575,0
2024-12-19 17:45:00,sell,197.6004392625,196.99034652843753,0.0089,-0.01085965066631208,Loss,8.776065665971474,0.0,Stop Loss,0.26490354821427786,6.3388464517857415,-1.491378742405459,-0.8347106133561205,-0.6566681290493385,1.257857142857146,0
2024-12-19 17:50:00,sell,196.43073263999997,195.77212409531248,0.0089,-0.01172323209543743,Loss,8.767147287491419,0.0,Stop Loss,0.31555406857140156,7.345695931428622,-1.84016877204337,-1.0358022450935704,-0.8043665269497995,1.4592857142857187,0
2024-12-19 17:55:00,sell,197.1205596225,196.44719116499996,0.0089,-0.011985958543500578,Loss,8.758086894108892,0.0,Stop Loss,0.32913105107144247,7.620868948928575,-2.0374239944429746,-1.2361265949634515,-0.8012973994795232,1.5142857142857176,0
2024-12-19 18:00:00,sell,196.22078529750002,195.51453975,0.0089,-0.012571170745500064,Loss,8.74874813608106,0.0,Stop Loss,0.3636424403571539,8.306357559642862,-2.240545049092873,-1.4370102857893359,-0.803534763303537,1.651428571428576,0
2024-12-19 18:05:00,sell,194.97109873500003,194.2308962409375,0.009,-0.013323644893125276,Loss,8.73901875869987,0.0,Stop Loss,0.3998487350000062,9.023901265000006,-2.4738672993274804,-1.6443816884969649,-0.8294856108305155,1.7950000000000057,0
2024-12-19 18:10:00,sell,194.47122411,193.713766700625,0.009,-0.01363423336875013,Loss,8.729142081080267,0.0,Stop Loss,0.4180098242857184,9.384490175714319,-2.668363452083071,-1.849178041214186,-0.8191854108688847,1.8671428571428623,0
2024-12-19 18:15:00,sell,193.32151247250002,192.53422648406251,0.009,-0.014171147791875057,Loss,8.719015265908062,0.0,Stop Loss,0.4499053296428599,10.01634467035717,-2.8820756691755207,-2.055757566806453,-0.8263181023690676,1.9935714285714365,0
2024-12-19 18:20:00,sell,192.25178077500001,191.4288420375,0.0091,-0.014977485022500184,Loss,8.708468779102406,0.0,Stop Loss,0.4874950607142807,10.762504939285748,-3.1020259740864162,-2.265011248262446,-0.8370147258239702,2.142857142857151,0
2024-12-20 08:20:00,sell,185.973355485,185.34539501156252,0.0094,-0.011805656900624946,Loss,7.307441097426262,0.007499999999999998,Stop Loss,0.30317691357143417,7.043073086428592,-1.365300302062309,-0.7834539754302138,-0.5818463266320951,1.3992857142857165,1
2024-12-20 08:20:00,sell,185.42349339749998,184.7867311096875,0.0075,-0.009551434317187102,Loss,8.692302155386425,-1.734723475976807e-18,Stop Loss,0.31295768321427886,7.235792316785734,-1.627192715799282,-0.9522017235040275,-0.6749909922952545,1.4378571428571445,0
2024-12-20 08:30:00,sell,184.3437642075,183.6989943103125,0.0094,-0.012121674067125025,Loss,7.281405107493474,0.007600000000000001,Stop Loss,0.32287135035713277,7.428378649642866,-1.8999894192593274,-1.1417592626550876,-0.7582301566042398,1.4764285714285725,1
2024-12-20 08:30:00,sell,184.2637842675,183.61111259249998,0.0076,-0.009920609460000333,Loss,8.675802979854696,8.673617379884035e-19,Stop Loss,0.33092712464286933,7.589072875357147,-2.098448495539884,-1.333097109232047,-0.7653513863078372,1.508571428571429,0
2024-12-20 08:40:00,sell,181.54446630750002,180.8589709265625,0.0096,-0.013161511314000198,Loss,7.2785915601590245,0.007600000000000001,Stop Loss,0.36857345035716094,8.32767654964286,-2.447002489827611,-1.5558781853511598,-0.891124304476451,1.6564285714285734,1
2024-12-20 08:40:00,sell,182.39425316999998,181.696253743125,0.0076,-0.010609591288499792,Loss,8.658447419960439,8.673617379884035e-19,Stop Loss,0.37961031285712465,8.55288968714288,-2.6243937675193934,-1.7695813017848065,-0.8548124657345868,1.701428571428575,0
2024-12-20 08:45:00,sell,182.83414284,182.11070606343748,0.0095,-0.013745298754687923,Loss,8.648538568782392,0.0,Stop Loss,0.40432141142858313,9.04942858857143,-2.6983682014087265,-1.9553386817095906,-0.7430295196991359,1.8007142857142884,0
2024-12-20 09:05:00,sell,179.11507563,178.3152141046875,0.0097,-0.015517313591062657,Loss,8.637743513415248,0.0,Stop Loss,0.487397058571446,10.691352941428562,-3.1159421487259635,-2.551030632555217,-0.5649115161707465,2.1292857142857144,0
2024-12-22 14:35:00,sell,180.83464434,180.340058795625,0.0096,-0.009496042452000255,Loss,7.253555764429921,0.007600000000000001,Stop Loss,0.17857291142860277,4.52392708857144,-1.0883207322750934,-0.6386460091271944,-0.449674723147899,0.8957142857142912,1
2024-12-22 14:35:00,sell,180.9246217725,180.42455359125,0.0076,-0.007601036354999792,Loss,8.62375395176795,8.673617379884035e-19,Stop Loss,0.18390748678569935,4.631092513214327,-1.2168197728721566,-0.7542807618761869,-0.4625390109959697,0.9171428571428615,0
2024-12-22 14:40:00,sell,180.59470452,180.09602213906248,0.0095,-0.009474965237812683,Loss,8.616015917931303,0.0,Stop Loss,0.18309737714287166,4.613152622857143,-1.3299535537060478,-0.8694153202421591,-0.4605382334638888,0.913571428571432,0
2024-12-22 14:45:00,sell,180.67468446,180.1673257640625,0.0095,-0.009639815222812728,Loss,8.608194190493828,0.0,Stop Loss,0.19164874571430346,4.784601254285718,-1.3970531990464963,-0.9749428960030265,-0.42211030304346975,0.9478571428571436,0
2024-12-22 14:55:00,sell,179.6049527625,179.0856497728125,0.0096,-0.009970617402000061,Loss,7.219935113634463,0.0077,Stop Loss,0.20548847678571747,5.055761523214272,-1.5190594374294903,-1.0837662042883194,-0.43529323314117097,1.0021428571428572,1
2024-12-22 18:30:00,sell,179.07508565999998,183.56619130875,0.0077,0.06916302699075033,Win,8.63233469195703,0.0,Take Profit,0.19347851714283593,4.812771482857158,-1.6396163542545992,-1.1949362342815755,-0.4446801199730237,0.9535714285714262,43
2024-12-22 19:45:00,sell,178.73517091500003,178.26672763968747,0.0077,-0.007214026439813301,Loss,6.892795380430505,0.009699999999999999,Stop Loss,0.15606377214288614,4.062686227857142,-0.9051435673565891,-0.5541567084500076,-0.35098685890658143,0.8035714285714326,0
2024-12-22 19:50:00,sell,178.535221065,178.064760121875,0.0097,-0.009126942296625095,Loss,7.244249045732806,0.0076999999999999985,Stop Loss,0.15843535071428505,4.109064649285756,-0.8384424540857083,-0.4664099937233623,-0.372032460362346,0.8128571428571466,2
2024-12-22 19:55:00,sell,178.32527372250001,177.8553057234375,0.0077,-0.007237507185562567,Loss,8.612707785412722,0.0,Stop Loss,0.1583094367857143,4.105440563214302,-0.9797938006331322,-0.6392841268866326,-0.34050967374649954,0.8121428571428615,1
2024-12-22 20:05:00,sell,177.415501905,176.94351061875,0.0097,-0.009156630953250323,Loss,8.605119552874845,0.0,Stop Loss,0.16193047642858005,4.173069523571428,-1.1158385156101929,-0.7947333679058932,-0.32110514770429965,0.825714285714288,1
2024-12-22 20:10:00,sell,177.3055294875,176.82282923343746,0.0097,-0.009364384928813195,Loss,8.597429389106516,0.0,Stop Loss,0.17285091607143954,4.390899083928588,-1.2470202081306638,-0.9508564671429247,-0.2961637409877391,0.8692857142857154,0
2024-12-24 00:10:00,sell,189.41249290500002,188.95817143124998,0.0091,-0.008268650822250766,Loss,8.590280045110873,0.0,Stop Loss,0.12320719071431085,3.461792809285697,-0.25426974078698095,-0.018797019725529315,-0.23547272106145162,0.682857142857143,1
2024-12-26 10:35:00,sell,188.48272610249998,187.98630302249998,0.0091,-0.009034900055999993,Loss,8.582762678847494,0.0,Stop Loss,0.16701181678570265,4.332988183214297,-1.3821169233100932,-0.9234634483375835,-0.45865347497250963,0.8571428571428531,24
2024-12-30 13:40:00,sell,189.68242520249999,189.22556002499996,0.0072,-0.006578858556000295,Loss,6.852707037253359,0.009100000000000002,Stop Loss,0.12528234535713523,3.504717654642832,-0.8777968384947314,-0.44110450450822863,-0.4366923339865028,0.6914285714285678,0
2024-12-30 13:50:00,sell,189.3025204875,188.84408563124998,0.0091,-0.00834351438375041,Loss,8.5698993556133,0.0,Stop Loss,0.12752048750002132,3.5474795124999616,-0.7812129702922448,-0.3319314210116029,-0.4492815492806419,0.6999999999999967,3
2024-12-30 21:40:00,sell,191.56195379250002,191.12722770375,0.0089,-0.007738124379750201,Loss,7.189122239181753,0.0072,Stop Loss,0.0998109353571408,3.005189064642849,-0.39828218336273835,0.03649055906940987,-0.43477274243214825,0.5914285714285695,1
2024-12-30 21:40:00,sell,190.63218699000004,190.1738982375,0.0072,-0.006599358036000558,Loss,8.55734736744127,0.0,Stop Loss,0.12504413285716964,3.504955867142826,-0.6204293665678335,-0.09489342605803881,-0.5255359405097947,0.6914285714285698,0
2024-12-30 21:45:00,sell,189.9523575,189.48599651531248,0.009,-0.008394497724375468,Loss,8.550159805602604,0.0,Stop Loss,0.13432178571429176,3.6869282142857003,-0.8416508990895579,-0.24424492066434264,-0.5974059784252153,0.7278571428571426,0
2024-12-30 21:55:00,sell,189.41249290500002,188.92501524562502,0.0072,-0.00701967829500004,Loss,6.839557063788777,0.009,Stop Loss,0.15642147642859072,4.126078523571408,-1.2102404222150653,-0.5685431964841697,-0.6416972257308956,0.8157142857142828,0
2024-12-30 22:00:00,sell,189.59244777,189.106839489375,0.0072,-0.0069927592410000215,Loss,6.833673075179035,0.009,Stop Loss,0.1542334842857258,4.083266515714257,-1.2969671838399108,-0.714227993955318,-0.5827391898845928,0.8071428571428539,0
2024-12-31 01:10:00,sell,189.22254054750002,188.74533011062502,0.009,-0.00858978786374996,Loss,8.531107015196413,0.0,Stop Loss,0.1464691189285645,3.9260308810714264,-1.0636147675998586,-0.40811889005144586,-0.6554958775484128,0.7757142857142847,40
2025-01-01 04:10:00,sell,189.9223650225,189.562469653125,0.009,-0.006478116648750187,Loss,8.52487739790438,0.0,Stop Loss,0.027722165357147333,1.554777834642863,-0.24171044748752024,-0.15353465225336288,-0.08817579523415736,0.3014285714285734,1
2025-01-05 05:40:00,sell,216.68565244500002,216.2722728009375,0.0079,-0.00653139837618798,Loss,8.51861675531544,0.0,Stop Loss,0.034402445000011994,1.8293475549999698,-0.21744840413595057,-0.007231577369186533,-0.21021682676676404,0.3549999999999979,0
2025-01-07 15:15:00,sell,208.02782394000002,207.43971451312498,0.0082,-0.00964499460075059,Loss,8.51081096807881,0.0,Stop Loss,0.22460965428572877,5.5878903457143,-1.012211934216623,-0.47803178127210233,-0.5341801529445206,1.1071428571428632,1
2025-01-08 17:05:00,sell,192.87162531,192.34830228187496,0.0088,-0.009210485295000854,Loss,8.503237257364248,0.0,Stop Loss,0.18626816714288452,4.741231832857125,-0.8384481354937918,-0.4221926056881899,-0.41625552980560193,0.9385714285714276,0
2025-01-08 17:15:00,sell,191.75190615000002,191.2154659396875,0.0089,-0.009548635743562857,Loss,7.136016443742319,0.0071,Stop Loss,0.20137043571429558,5.037379564285686,-1.067100916476221,-0.5511742678457962,-0.5159266486304249,0.9978571428571408,1
2025-01-08 17:20:00,sell,191.28202400250004,190.743970719375,0.0071,-0.007640356620375537,Loss,7.062388555455801,0.0075,Stop Loss,0.20380971678574156,5.083690283214224,-1.2715770164883509,-0.6952548175743071,-0.5763221989140438,1.0071428571428527,1
2025-01-08 17:25:00,sell,190.06232991750002,189.51665707406252,0.0075,-0.008185092651562514,Loss,7.075791063315228,0.0074,Stop Loss,0.21357991749999883,5.272670082499957,-1.5146101202985562,-0.859125878119157,-0.6554842421793993,1.0449999999999957,1
2025-01-08 17:25:00,sell,189.932362515,189.37672370999996,0.0074,-0.008223454314000435,Loss,8.476127777952637,0.0,Stop Loss,0.2237910864285766,5.476208913571412,-1.6981305278957564,-1.026926808074477,-0.6712037198212795,1.0857142857142807,0
2025-01-08 17:30:00,sell,189.50247033750003,188.9383846753125,0.0089,-0.01004072478693791,Loss,8.468157991595211,0.0,Stop Loss,0.2330060517857362,5.658243948214249,-1.856864402475935,-1.1929143269547686,-0.6639500755211665,1.1221428571428536,0
2025-01-08 17:35:00,sell,189.48247535250002,188.8966720546875,0.0089,-0.010427298701062569,Loss,8.459995374845965,0.0,Stop Loss,0.254796781071434,6.093953218928533,-1.9616631429307745,-1.3466640901499698,-0.6149990527808047,1.2092857142857107,0
2025-01-09 20:20:00,sell,184.3537617,183.870301269375,0.0092,-0.008895671923500026,Loss,7.0928480459454555,0.0074,Stop Loss,0.1612617000000114,4.196238299999976,-1.0165505158763608,-0.7988146483016405,-0.2177358675747203,0.8299999999999963,1
2025-01-09 20:20:00,sell,183.56395979250004,183.05886601687502,0.0074,-0.007475387879250411,Loss,8.446467677763938,0.0,Stop Loss,0.18431693535717386,4.653183064642832,-1.146386837797138,-0.8683290862007401,-0.2780577515963979,0.9214285714285698,0
2025-01-09 20:30:00,sell,183.0440901825,182.528723565,0.0092,-0.009482745762000127,Loss,8.438781165369338,0.0,Stop Loss,0.19551875392858165,4.8744812460714115,-1.2765276958513425,-0.9499688081308606,-0.3265588877204819,0.9657142857142844,1
2025-01-13 12:55:00,sell,175.136073615,174.70136813062499,0.0096,-0.00834634530000003,Loss,8.431667153572798,0.0,Stop Loss,0.12857361499999342,3.493926385000009,-1.1265352994021498,-0.9818355982890706,-0.14469970111307917,0.6899999999999997,11
2025-01-17 17:55:00,sell,216.46570761,215.9539021153125,0.0078,-0.00798416571712512,Loss,8.424721617744861,0.0,Stop Loss,0.13338618142856262,3.807863818571434,-0.6764168821659382,-0.27072207808340953,-0.40569480408252867,0.7507142857142851,0
2025-01-17 18:10:00,sell,216.34573770000003,215.830725103125,0.0078,-0.008034196511250605,Loss,8.417752723807382,0.0,Stop Loss,0.136809128571457,3.8756908714285316,-0.8887424581348,-0.550144855282563,-0.33859760285223706,0.7642857142857135,0
2025-01-23 02:35:00,sell,247.1680070775,246.47185361531248,0.0068,-0.009467687085750139,Loss,8.410079448938069,0.0,Stop Loss,0.26425707749999106,6.586992922499945,-2.0303458651234223,-1.4303309525536445,-0.6000149125697778,1.3049999999999926,4
2025-01-25 05:50:00,sell,248.18775131249998,249.0935096475,0.0068,0.012318313356000407,Win,8.413278862641867,0.0,Time Exit,0.19400131249997798,5.1872486874999595,-1.795958905478642,-1.5647864312555546,-0.2311724742230874,1.0249999999999915,59
2025-01-28 07:00:00,sell,239.5099278225,238.93577348906246,0.007,-0.00803816066812567,Loss,8.406327121754487,0.0,Stop Loss,0.15546353678573155,4.370786463214301,-0.04296841263445117,0.357944081612583,-0.4009124942470342,0.8621428571428608,0
2025-01-28 19:20:00,sell,231.03205418250002,230.45295948187498,0.0073,-0.00845478262912551,Loss,8.399149778269011,0.0,Stop Loss,0.17526846821431263,4.722231531785695,-1.1449480084696688,-1.0189418597360673,-0.1260061487336015,0.932857142857143,0
2025-01-29 12:45:00,sell,228.9125857725,228.4124279934375,0.0073,-0.007302303574312572,Loss,8.39257533382784,0.0,Stop Loss,0.09990720107143147,3.2038427989285765,-0.7406261375807333,-0.4444169027243909,-0.2962092348563424,0.6292857142857124,0
2025-01-29 13:05:00,sell,227.43295688250004,226.90881280124998,0.0074,-0.007757332402500845,Loss,8.385752635146043,0.0,Stop Loss,0.12652831107146767,3.7284716889285505,-1.0661298524183564,-0.74112941272434,-0.3250004396940165,0.7342857142857143,0
2025-01-29 13:25:00,sell,226.4931925875,225.951561635625,0.0074,-0.008016138087749891,Loss,7.04087010258259,0.005899999999999999,Stop Loss,0.1456925874999797,4.10680741249999,-1.2306489649279797,-0.8978374392783116,-0.3328115256496681,0.8099999999999962,2
2025-01-29 13:25:00,sell,226.54318005000002,225.9963046603125,0.0059,-0.006453129598312836,Loss,8.373248266430313,-8.673617379884035e-19,Stop Loss,0.15085862142859696,4.210391378571387,-1.308215080103622,-0.9799129674433738,-0.32830211266024834,0.8307142857142834,1
2025-01-31 18:35:00,sell,232.14177585,231.58543930593748,0.0072,-0.00801124623450005,Loss,8.366318988060812,0.0,Stop Loss,0.15052585000000818,4.233224150000012,-1.4742212006404998,-1.100841990606331,-0.37337921003416885,0.8350000000000039,0
2025-01-31 18:40:00,sell,231.361971435,230.80109943093748,0.0072,-0.008076556858500044,Loss,8.359366910026635,0.0,Stop Loss,0.1564357207142848,4.34731427928574,-1.605059240677548,-1.2016854406205744,-0.40337380005697354,0.8578571428571483,0
2025-01-31 18:45:00,sell,231.042051675,230.47738097343748,0.0072,-0.008131258102500488,Loss,8.352391535178128,0.0,Stop Loss,0.16080167500001608,4.432948325000012,-1.714803468733038,-1.304309046243067,-0.4104944224899709,0.8750000000000061,0
2025-01-31 18:50:00,sell,230.82210683999998,230.25099196406248,0.0072,-0.008224054213499948,Loss,8.345372569962773,0.0,Stop Loss,0.16764255428569186,4.568607445714321,-1.7987933514689871,-1.4032059072882512,-0.3955874441807359,0.9021428571428629,0
2025-01-31 19:45:00,sell,230.3722196775,229.79660961374998,0.0072,-0.008288784918000282,Loss,8.338326935489858,0.0,Stop Loss,0.172933963214291,4.672066036785736,-1.8799957570145978,-1.4985638772335206,-0.3814318797810772,0.922857142857148,10
2025-02-01 06:45:00,sell,230.94207675,230.497167729375,0.0072,-0.006406689897000069,Loss,8.332214458435619,0.0,Stop Loss,0.04100532142857105,2.0364946785714153,-0.29084441304632946,-0.1451650009740944,-0.14567941207223506,0.3957142857142872,0
2025-02-01 20:20:00,sell,219.22501554000002,218.70176556375,0.0076,-0.007953399639000214,Loss,6.995258579656404,0.0061,Stop Loss,0.14001554000000738,3.9549844599999915,-1.5592966548161087,-1.2470850089302954,-0.3122116458858133,0.7800000000000031,1
2025-02-01 20:25:00,sell,217.82536659,217.283892980625,0.0061,-0.006605978034374699,Loss,6.925819629027831,0.0064,Stop Loss,0.1607237328571216,4.361776267142886,-1.7199121373162711,-1.3416504346074907,-0.37826170270878046,0.8614285714285737,1
2025-02-01 20:25:00,sell,217.57542927749998,217.0352215884375,0.0064,-0.006914658419999615,Loss,8.313803278130207,0.0,Stop Loss,0.1598935632142684,4.343856436785757,-1.8460933599324392,-1.4425390196724803,-0.40355434025995884,0.8578571428571463,0
2025-02-01 20:35:00,sell,217.165532085,216.6220170815625,0.0077,-0.008370131052937586,Loss,6.982855237509592,0.0060999999999999995,Stop Loss,0.1639249421428417,4.422325057857165,-1.9566217439202376,-1.5453555645220318,-0.41126617939820576,0.8735714285714319,1
2025-02-01 21:45:00,sell,216.80562235500003,216.254981671875,0.0061,-0.0067178163341254735,Loss,8.30102125916688,0.0,Stop Loss,0.17169378357144183,4.575806216428589,-2.049638321187956,-1.6462121158552168,-0.4034262053327393,0.9042857142857201,14
2025-02-02 08:30:00,sell,207.048069675,213.76470256875,0.008,0.10746612630000027,Win,7.025699851501468,0.0063999999999999994,Take Profit,0.30003396071427346,7.09121603928574,-2.0499245622068543,-1.5602150611097563,-0.489709501097098,1.4078571428571454,55
2025-02-02 08:30:00,sell,206.9980822125,213.88235355,0.0064,0.08811867311999995,Win,8.393520278924427,-8.673617379884035e-19,Take Profit,0.3084393553571374,7.259060644642858,-2.172723715062091,-1.6827167919002233,-0.49000692316186756,1.441428571428574,54
2025-02-04 05:20:00,sell,204.80863135500002,204.1082308940625,0.0082,-0.011486567559375261,Loss,8.38484061763574,0.0,Stop Loss,0.34273849785714106,7.933511502142835,-2.2542278905401645,-1.345035126446144,-0.9091927640940205,1.5764285714285688,0
2025-02-04 05:30:00,sell,204.168791835,203.45829835218748,0.0082,-0.01165209311812539,Loss,7.037990622088811,0.0066,Stop Loss,0.3539704064285729,8.15477959357142,-2.578952217895676,-1.5918185447360504,-0.9871336731596254,1.6207142857142856,1
2025-02-04 05:40:00,sell,203.22902754,202.4579084934375,0.0055,-0.008482309512187697,Loss,5.632806994930182,0.0135,Stop Loss,0.416348968571441,9.397401031428586,-3.2786069972737266,-2.354756416949715,-0.9238505803240118,1.8692857142857153,0
2025-02-04 05:45:00,sell,202.5392005575,201.7958543353125,0.0066,-0.009812170132875156,Loss,6.963660744064285,0.0069,Stop Loss,0.389736271785722,8.861513728214277,-2.9340045858477595,-1.8602557529583923,-1.0737488328893672,1.7621428571428563,3
2025-02-04 05:45:00,sell,202.54919805,201.78925875,0.0069,-0.010487162340000186,Loss,8.354962370025254,0.0,Stop Loss,0.4063409071428623,9.193659092857132,-3.1779458475099887,-2.1237937718687117,-1.054152075641277,1.828571428571428,2
2025-02-07 20:05:00,sell,193.45147987500002,192.9613351978125,0.0086,-0.008430488447625272,Loss,8.347837177114416,0.0,Stop Loss,0.15201558928572467,4.059234410714254,-0.7570019600498483,-0.33607077578104144,-0.4209311842688069,0.8021428571428564,0
2025-02-07 20:10:00,sell,193.53145981500003,193.0517125425,0.0086,-0.008251653087000353,Loss,8.340800130434017,0.0,Stop Loss,0.1414598150000188,3.848540184999962,-0.8866130101359602,-0.4461792226520252,-0.44043378748393497,0.759999999999999,0
2025-02-07 20:30:00,sell,191.8418835825,191.3377516565625,0.0087,-0.008771895511312749,Loss,8.333495008766551,0.0,Stop Loss,0.16884786821429998,4.387402131785677,-1.4025402521275225,-0.9138266020371005,-0.488713650090422,0.8678571428571372,0
2025-02-07 20:45:00,sell,190.72216442250004,190.2054500915625,0.0087,-0.008990829358313055,Loss,6.993979219751297,0.006999999999999999,Stop Loss,0.1834144225000216,4.672835577499939,-1.6148918788345838,-1.1486005506027535,-0.4662913282318304,0.924999999999993,1
2025-02-07 20:55:00,sell,190.11231738,189.5950910615625,0.007,-0.007241168458125117,Loss,6.91487231495416,0.0073999999999999995,Stop Loss,0.18499595142858993,4.701254048571371,-1.7313786264297448,-1.2651561657681518,-0.466222460661593,0.9307142857142777,2
2025-02-07 20:55:00,sell,189.71241768,189.19062124875,0.0074,-0.007722587182499728,Loss,8.31383290424698,-8.673617379884035e-19,Stop Loss,0.19027482285713404,4.804725177142814,-1.8709360371819628,-1.4724807667290518,-0.39845527045291096,0.9514285714285629,0
2025-02-08 05:15:00,sell,190.3522572,189.95463959062496,0.0087,-0.006918546403125566,Loss,8.307476454662087,0.0,Stop Loss,0.06475720000000251,2.2977428000000373,-0.574390039525241,-0.3628181178138973,-0.21157192171134376,0.45000000000000284,0
2025-02-09 21:40:00,sell,196.0408304325,195.5810303803125,0.0085,-0.00781660088718732,Loss,6.975155932076069,0.0068000000000000005,Stop Loss,0.11708043249998923,3.374169567499962,-0.6581848010880265,-0.2934472804772535,-0.36473752061077297,0.664999999999994,1
2025-02-09 21:45:00,sell,194.731158915,194.2572785821875,0.0068,-0.006444772526250176,Loss,6.8958980883141745,0.007199999999999999,Stop Loss,0.1334803435714491,3.695269656428536,-0.8976686955762148,-0.41429156349704577,-0.483377132079169,0.7292857142857088,1
2025-02-09 21:45:00,sell,194.1413068575,193.5185730271875,0.0072,-0.008967367156500176,Loss,8.288186813815578,-8.673617379884035e-19,Stop Loss,0.2836282860714334,6.695121713928529,-1.122134211821077,-0.555860093161852,-0.5662741186592251,1.329285714285709,0
2025-02-09 21:50:00,sell,194.25127927500003,193.62000243375,0.0085,-0.01073170630125071,Loss,8.279933844486937,0.0,Stop Loss,0.29199356071430316,6.86300643928567,-1.276434724983602,-0.6999750195262021,-0.5764597054574,1.3628571428571377,0
2025-02-10 01:55:00,sell,198.31026123,197.767377781875,0.0083,-0.009011865238874942,Loss,8.272549187149808,0.0,Stop Loss,0.19633265857143556,4.971167341428583,-0.4613260936534118,0.22917109495440233,-0.6904971886078142,0.9842857142857143,0
2025-02-10 02:05:00,sell,197.4804693525,196.9254602296875,0.0084,-0.009324153263249877,Loss,6.940408294929736,0.006699999999999999,Stop Loss,0.2099336382142667,5.238816361785723,-0.6735710250663658,0.048622670950248706,-0.7221936960166145,1.037857142857143,1
2025-02-10 02:05:00,sell,197.5004643375,196.934551441875,0.0067,-0.007583232801375249,Loss,8.258880193469304,-8.673617379884035e-19,Stop Loss,0.2208214803571309,5.456678519642878,-0.8305883243207575,-0.12721952810395254,-0.7033687962168049,1.0814285714285745,0
2025-02-10 02:15:00,sell,196.25077777500002,195.68174675062502,0.0084,-0.009559721209499888,Loss,8.251217381170026,0.0,Stop Loss,0.2261349178571379,5.556365082142861,-1.0438572815791076,-0.3105470787989836,-0.733310202780124,1.1014285714285725,1
2025-02-11 13:55:00,sell,198.26027376750002,197.7893036465625,0.0083,-0.007818104007562875,Loss,8.244429883271295,0.0,Stop Loss,0.1243809103571607,3.5318690896428677,-0.9114646216964388,-0.5599914659660745,-0.3514731557303643,0.6964285714285755,0
2025-02-13 05:00:00,sell,195.051078675,194.63358346312498,0.0085,-0.0070974186018756035,Loss,8.23798079111328,0.0,Stop Loss,0.07643581785717402,2.556064182142819,-0.38874276700289556,-0.12415526336076681,-0.26458750364212874,0.5014285714285701,0
2025-02-17 15:45:00,sell,180.654689475,180.17499090374997,0.0091,-0.008730513996750473,Loss,8.230740236524486,0.0,Stop Loss,0.16397518928573618,4.231024810714246,-1.0135635991572087,-0.6885054198101246,-0.32505817934708414,0.837142857142851,0
2025-02-17 16:10:00,sell,179.9048775375,179.420955069375,0.0091,-0.00880738891987503,Loss,8.223473220887449,0.0,Stop Loss,0.16952039464285917,4.337979605357106,-1.1415829972863776,-0.7791209353053752,-0.3624620619810024,0.8585714285714232,4
2025-02-18 06:00:00,sell,170.7271794225,170.246317640625,0.0096,-0.009232546212000124,Loss,8.215990552750437,0.0,Stop Loss,0.18253656535713958,4.549963434642876,-1.3285491580293751,-1.073271703335857,-0.25527745469351815,0.9014285714285738,0
2025-02-18 06:05:00,sell,169.657447725,169.1623242815625,0.0097,-0.00960539480268763,Loss,8.208309874872445,0.0,Stop Loss,0.1986977250000166,4.867552275000008,-1.5230444038064377,-1.1632262434299732,-0.3598181603764645,0.9650000000000014,0
2025-02-18 06:30:00,sell,167.57796928500002,167.05494564468754,0.0098,-0.010251263350124759,Loss,8.200312481339894,0.0,Stop Loss,0.23029071357143494,5.488459286428565,-1.8239960134174567,-1.29538019742747,-0.5286158159899867,1.0892857142857164,4
2025-02-19 05:00:00,sell,164.27879676,163.8751604878125,0.01,-0.00807272544374996,Loss,8.19340262251436,0.0,Stop Loss,0.11647533142857469,3.1947746685714264,-1.013881871088273,-0.7989948580623631,-0.21488701302590996,0.6307142857142866,0
2025-02-23 12:25:00,sell,168.47774361,168.13448252718752,0.0097,-0.006659265006562293,Loss,8.187213941667695,0.0,Stop Loss,0.048636467142841866,1.8601135328571559,-0.624249573656158,-0.48027147113731633,-0.14397810251884163,0.3635714285714288,0
2025-02-24 01:25:00,sell,165.07859616000002,164.659678621875,0.0099,-0.008294567254875302,Loss,8.18020814591049,0.0,Stop Loss,0.13038187428571746,3.47711812571427,-0.6392050914725473,-0.2694542195137744,-0.36975087195877293,0.6871428571428554,1
2025-02-24 01:35:00,sell,164.1888193275,163.7660659415625,0.008,-0.006764054175000183,Loss,6.533698997047339,0.010000000000000002,Stop Loss,0.13578361321430066,3.5804663867857016,-0.9204327804963839,-0.5508762999247356,-0.36955648057164825,0.7078571428571406,0
2025-02-24 01:45:00,sell,163.91888703,163.4986773478125,0.01,-0.00840419364375009,Loss,6.858158290445356,0.008000000000000002,Stop Loss,0.13370845857141944,3.537541541428567,-0.8514181773120129,-0.4584871797818236,-0.3929309975301893,0.6992857142857117,3
2025-02-24 01:50:00,sell,163.49899234499998,163.0622991628125,0.008,-0.0069870909149994985,Loss,8.16167830995288,0.0,Stop Loss,0.15095663071426202,3.8802933692857096,-1.040369335337573,-0.7144941591711116,-0.32587517616646133,0.7678571428571388,1
2025-02-26 17:40:00,sell,135.26607352500002,134.88043267687502,0.0121,-0.009332508524625171,Loss,6.854775857916525,0.009599999999999997,Stop Loss,0.14928781071429853,3.6982121892857265,-0.6298125255056277,-0.3461029648025715,-0.2837095607030562,0.7328571428571463,1
2025-02-26 17:40:00,sell,135.21608606249998,134.83568965218748,0.0096,-0.007303611077999993,Loss,8.14822766161203,-1.734723475976807e-18,Stop Loss,0.1441217767857097,3.5946282232143005,-0.6975622015882266,-0.41639481215970253,-0.28116738942852404,0.7121428571428591,0
2025-02-26 17:50:00,sell,134.746203915,134.3631248775,0.0121,-0.00927051270749957,Loss,6.8422958947715165,0.0097,Stop Loss,0.14763248642856297,3.6623675135714393,-0.7801858828314323,-0.4891530262940485,-0.2910328565373838,0.7257142857142875,1
2025-02-26 17:50:00,sell,133.72645968,133.33225271906247,0.0097,-0.007647615042188238,Loss,8.134648754007891,0.0,Stop Loss,0.16056682285716306,3.915683177142853,-0.9173960503828482,-0.5748016311118085,-0.34259441927103973,0.7764285714285738,0
2025-02-26 17:55:00,sell,133.98639448500003,133.59090661875,0.0121,-0.009570806363250533,Loss,8.1270281551172,0.0,Stop Loss,0.16139448500001663,3.9336055149999822,-0.993701497320501,-0.6585816043535471,-0.3351198929669539,0.7800000000000011,0
2025-02-26 18:00:00,sell,133.85642708249998,133.44847762781248,0.0121,-0.009872376803437425,Loss,8.11925963772926,0.0,Stop Loss,0.1741056539285637,4.187144346071449,-1.0525311039260998,-0.7373715042680576,-0.3151595996580422,0.8307142857142874,0
2025-03-01 06:20:00,sell,143.543997315,143.22955238718754,0.0113,-0.0071064553685619095,Loss,8.112868868747997,0.0,Stop Loss,0.06346160071427676,2.0252883992856994,-0.6894572173532936,-0.5664557516191362,-0.12300146573415738,0.39785714285714235,0
2025-03-03 06:40:00,sell,163.49899234499998,163.06354697625,0.0099,-0.008621818301249631,Loss,8.105726952476573,0.0,Stop Loss,0.14970663071426316,3.8552933692857323,-1.3570889705799516,-0.7627700062316672,-0.5943189643482844,0.7628571428571453,0
2025-03-03 06:45:00,sell,163.60896476250002,163.1596286109375,0.0099,-0.00889685580093817,Loss,8.098445714232419,0.0,Stop Loss,0.16342904821431148,4.130320951785706,-1.5098381742141385,-0.9121836398281615,-0.5976545343859769,0.8178571428571441,0
2025-03-03 06:50:00,sell,161.47949886,160.9930679653125,0.01,-0.009728617893750312,Loss,8.090757545875803,0.0,Stop Loss,0.2043202885714379,4.936929711428576,-1.7822218730817667,-1.0861912864788825,-0.6960305866028842,0.9792857142857169,0
2025-03-03 06:55:00,sell,161.75942865000002,161.2533261965625,0.01,-0.01012204906875013,Loss,8.082867907894954,0.0,Stop Loss,0.22353579285714886,5.322714207142866,-1.9529815018460965,-1.2595493295523255,-0.6934321722937711,1.0564285714285728,0
2025-03-03 08:45:00,sell,159.99986997,159.45487051499998,0.0101,-0.0110089889910002,Loss,8.074537926452303,0.0,Stop Loss,0.26558425571428756,6.154415744285728,-2.2049101967258764,-1.4486215029870357,-0.7562886937388407,1.2228571428571453,21
2025-03-03 19:15:00,sell,145.9134030375,145.1704370596875,0.0111,-0.016493844707437564,Loss,8.063461200176313,0.0,Stop Loss,0.4885816089285697,10.540168391071433,-2.7866668637720124,-2.280932665647187,-0.5057341981248253,2.1007142857142895,0
2025-03-05 14:20:00,sell,143.20408257000003,142.74290514656252,0.0113,-0.010422609769687608,Loss,8.055420323211353,0.0,Stop Loss,0.21104685571430082,4.9752031442857,-0.872992426225494,-0.505441146201956,-0.367551280023538,0.9878571428571458,8
2025-03-06 16:55:00,sell,145.00363122,144.57719089968748,0.0111,-0.009466975110937689,Loss,8.047872079083643,0.0,Stop Loss,0.17309550571428645,4.22565449428572,-0.5784894042565156,-0.24696442569126462,-0.331524978565251,0.8378571428571462,0
2025-03-06 17:00:00,sell,143.68396221,143.23953489468752,0.0112,-0.009955171862999577,Loss,8.040080409811027,0.0,Stop Loss,0.19342649571427728,4.625323504285717,-0.7924770691804781,-0.35606695438910735,-0.43641011479137076,0.9178571428571445,0
2025-03-06 17:05:00,sell,143.623977255,143.1721529690625,0.0112,-0.010120864005000112,Loss,8.032207132979588,0.0,Stop Loss,0.2009415407142967,4.775308459285725,-0.9558864696858222,-0.47603085744845036,-0.4798556122373719,0.9478571428571436,0
2025-03-07 00:45:00,sell,136.2758202675,135.7604976684375,0.0118,-0.012161613337875007,Loss,6.744050452062783,0.0094,Stop Loss,0.2774274103571486,6.2663225896428685,-1.7485713050479603,-0.95461258269586,-0.7939587223521003,1.2464285714285706,1
2025-03-07 00:45:00,sell,135.95590050750002,135.4269749625,0.0094,-0.0099438002460004,Loss,8.016109256536797,0.0,Stop Loss,0.2916147932143076,6.548385206785696,-1.9358383912797876,-1.1508577444126455,-0.7849806468671421,1.3028571428571414,0
2025-03-09 10:40:00,sell,136.4357801475,136.1109549853125,0.0117,-0.007600908795187366,Loss,8.009516531984957,0.0,Stop Loss,0.08631586178572093,2.444934138214279,-0.6442849973442151,-0.46065005753216526,-0.1836349398120498,0.48214285714285715,0
2025-03-09 10:50:00,sell,135.965898,135.64409450062502,0.0118,-0.007594562585249855,Loss,6.7223310803560015,0.0094,Stop Loss,0.08411228571429774,2.398387714285718,-0.7025013257043611,-0.5090203111666044,-0.19348101453775668,0.4728571428571432,1
2025-03-09 10:50:00,sell,136.09586540249998,135.76709325374998,0.0094,-0.006180916396500095,Loss,7.997584598933813,0.0,Stop Loss,0.0908654024999862,2.534134597500014,-0.729736325693608,-0.5531635140720051,-0.17657281162160288,0.5,0
2025-03-10 14:00:00,sell,123.968907,123.5444041153125,0.0129,-0.010952174424937467,Loss,7.989312419911529,0.0,Stop Loss,0.20801414285713804,4.813235857142843,-0.9612523264266457,-0.5090762066468708,-0.4521761197797749,0.9564285714285704,0
2025-03-10 14:05:00,sell,123.39904992750002,122.9607839446875,0.0129,-0.011307262356562757,Loss,7.980875701963332,0.0,Stop Loss,0.22279992750000588,5.105950072499979,-1.1315236313325698,-0.6335656915840107,-0.4979579397485592,1.0149999999999995,0
2025-03-10 14:15:00,sell,122.4592856325,122.01708046781249,0.013,-0.011497334281875196,Loss,6.6958471490103335,0.0105,Stop Loss,0.2283927753571504,5.212857224642846,-1.3270179741354156,-0.7722561480942917,-0.5547618260411239,1.0364285714285708,1
2025-03-10 14:15:00,sell,121.44953889,120.98014750125,0.0105,-0.009857219163749946,Loss,7.965185979111887,0.0,Stop Loss,0.2573960328571445,5.787603967142857,-1.5456301461418036,-0.9269309477037941,-0.6186991984380095,1.1514285714285717,0
2025-03-11 13:10:00,sell,121.8394410975,121.51848987000001,0.0131,-0.008408922160499726,Loss,6.681062776995914,0.010500000000000002,Stop Loss,0.10801252607141976,2.8019874739285626,-0.43970572135482655,-0.19281853867700438,-0.24688718267782217,0.5542857142857126,1
2025-03-11 13:10:00,sell,121.50952384500002,121.17944113312501,0.0105,-0.006931736949375164,Loss,7.952492620794803,1.734723475976807e-18,Stop Loss,0.11773813071430084,2.9947618692856963,-0.5499305716031131,-0.26424094526222613,-0.28568962634088696,0.5928571428571416,0
2025-03-16 11:50:00,sell,129.8774250675,129.5121610096875,0.0122,-0.008912443010625248,Loss,7.945265272339752,0.0,Stop Loss,0.13831792464287673,3.450432075357128,-0.9238908215027095,-0.6981061719187931,-0.22578464958391642,0.6835714285714302,0
2025-03-20 10:15:00,sell,131.23708404750002,130.925220598125,0.0121,-0.00754709547487526,Loss,7.938714019950137,0.0,Stop Loss,0.08244119035714448,2.340058809642869,-0.42092428027439155,-0.19115648724085954,-0.229767793033532,0.461428571428574,0
2025-03-20 10:20:00,sell,131.33705897250002,131.01506316562498,0.0121,-0.007792298526375902,Loss,7.932038139805971,0.0,Stop Loss,0.09241611535716743,2.540083884642854,-0.5277969260338295,-0.25848457499945354,-0.269312351034376,0.5014285714285742,0
2025-03-20 10:30:00,sell,130.93715927250003,130.612910720625,0.0121,-0.007846814955375725,Loss,7.925343494610743,0.0,Stop Loss,0.09537355821430538,2.5971264417857185,-0.7018826917421848,-0.4048587510968469,-0.2970239406453379,0.5128571428571475,0
2025-03-20 10:35:00,sell,130.74720691500002,130.41789530625,0.0121,-0.00796934093175078,Loss,7.9185916569164645,0.0,Stop Loss,0.10077834357144866,2.704221656428558,-0.7739181299193945,-0.4786706268613564,-0.29524750305803804,0.5342857142857176,0
2025-03-20 10:45:00,sell,130.74720691500002,130.418251824375,0.0121,-0.007960713193125378,Loss,7.911844129856095,0.0,Stop Loss,0.10042120071429395,2.6970787992857197,-0.8488663230230316,-0.6074406819010617,-0.24142564112196985,0.5328571428571475,0
2025-03-21 10:25:00,sell,126.3583077075,126.06801766312499,0.0125,-0.007257251109375318,Loss,7.905452556729566,0.0,Stop Loss,0.06937913607143287,2.0531208639285836,-0.32986101083847075,-0.14390023948818498,-0.18596077135028577,0.4042857142857171,0
2025-03-21 10:30:00,sell,126.04838544,125.7553512675,0.0125,-0.007325854312500013,Loss,7.8990334911551825,0.0,Stop Loss,0.07267115428571458,2.1173288457142974,-0.42010282424658385,-0.19914075643986476,-0.2209620678067191,0.4171428571428584,0
2025-03-30 16:55:00,sell,123.66898222500001,123.3914578396875,0.0128,-0.007104624264000086,Loss,7.892712073507921,0.0,Stop Loss,0.06130365357142864,1.877446346428556,-0.17713225984425662,-0.02241228773684727,-0.15471997210740934,0.3692857142857114,0
2025-04-02 23:00:00,sell,118.65024099000001,118.2205189546875,0.0133,-0.011430606139312724,Loss,7.884237892928692,0.0,Stop Loss,0.22256241857144232,5.07618758142857,-2.2709852462786273,-2.0595026613730947,-0.21148258490553262,1.009285714285716,0
2025-04-02 23:15:00,sell,118.2403437975,117.81070137,0.0133,-0.01142848857149998,Loss,7.875774316153526,0.0,Stop Loss,0.22320094035714533,5.086799059642857,-2.2940825793868242,-2.106418644975841,-0.1876639344109834,1.0114285714285731,2
2025-04-06 13:15:00,sell,116.0408954475,115.768922068125,0.0136,-0.007397675919000334,Loss,5.598537092274931,0.0196,Stop Loss,0.06910973321430447,1.9933902667856955,-0.6142504277566161,-0.41339870708149445,-0.20085172067512164,0.39285714285714285,3
2025-04-06 13:15:00,sell,115.97091300000001,115.69779670218749,0.0109,-0.0059539352923129625,Loss,6.858697246840734,0.0087,Stop Loss,0.0703772857143008,2.0183727142857038,-0.7015248531565987,-0.5099435749553833,-0.1915812782012154,0.3978571428571434,1
2025-04-06 13:15:00,sell,115.45104339,115.17032813625,0.0087,-0.004884445415249805,Loss,7.859927615235019,0.0,Stop Loss,0.0789005328571335,2.186099467142867,-0.7701728925101605,-0.5619894384663389,-0.20818345404382166,0.4314285714285729,0
2025-04-06 13:20:00,sell,115.11112864500001,114.82967506781249,0.0137,-0.007711828014938047,Loss,7.8533132252527285,0.0,Stop Loss,0.08023578785714847,2.2110142121428566,-0.8423025769893258,-0.6180520661709363,-0.22425051081838943,0.4364285714285714,0
2025-04-06 13:25:00,sell,115.09113366,114.8057883534375,0.0136,-0.00776139233849974,Loss,7.846694703818272,0.0,Stop Loss,0.08416937428570748,2.2895806257142937,-0.8908109898776786,-0.6726038509122848,-0.2182071389653938,0.452142857142858,0
2025-04-06 18:15:00,sell,109.41255792,109.03215557812499,0.0143,-0.010879506977625342,Loss,7.838519414716885,0.0,Stop Loss,0.18934363428571999,4.363156365714289,-1.192084962703575,-0.8921285054144815,-0.2999564572890935,0.8671428571428572,0
2025-04-06 18:20:00,sell,108.97266825000001,108.56868201562499,0.0144,-0.011634803550000742,Loss,7.829958693976115,0.0,Stop Loss,0.21373967857144294,4.848760321428557,-1.3023661763791807,-0.9741760396074214,-0.32819013677175934,0.9642857142857143,0
2025-04-06 18:50:00,sell,107.8229566125,107.39662867968748,0.0145,-0.012363510051562856,Loss,7.821044002744692,0.0,Stop Loss,0.23813518392857702,5.3306148160714315,-1.4656649486164213,-1.0724738214092213,-0.39319112720719995,1.0607142857142864,5
2025-04-06 23:20:00,sell,104.0239094625,103.67850115406249,0.015,-0.010362249253125384,Loss,7.813134574417646,0.0,Stop Loss,0.16373089107143812,3.82251910892856,-0.7295261725523687,-0.48829260079799763,-0.2412335717543711,0.759285714285714,0
2025-04-09 02:00:00,sell,101.29459401,104.80777231500001,0.0154,0.10820589179400034,Win,7.864465492298407,0.0,Take Profit,0.15816543857143017,3.696834561428574,-0.8780343763684897,-0.45277197450136275,-0.42526240186712694,0.7342857142857143,7
2025-04-10 03:20:00,sell,115.071138675,114.8122056796875,0.0137,-0.007094764071562662,Loss,7.858160362196767,0.0,Stop Loss,0.05774581785715327,1.7610041821428553,-0.5351317010592709,-0.3391602726609298,-0.19597142839834109,0.34642857142857103,0
2025-04-10 03:25:00,sell,115.01115372000001,114.74749764,0.0137,-0.007224176592000112,Loss,7.851792013326515,0.0,Stop Loss,0.06258229142856919,1.8574177085714183,-0.5965979397167729,-0.3906478060720984,-0.20595013364467446,0.36571428571428505,0
2025-04-10 03:30:00,sell,114.991158735,114.72040226249999,0.0137,-0.007418727346500305,Loss,7.8453269416895175,0.0,Stop Loss,0.06973016357143536,2.000269836428572,-0.6395518538818692,-0.4404286156340526,-0.19912323824781658,0.394285714285714,0
2025-04-10 15:40:00,sell,109.90243505250001,109.58065871343751,0.0143,-0.009202803297187364,Loss,7.837977109476972,0.0,Stop Loss,0.1297564810714249,3.1739935189285546,-0.8130998719900049,-0.47370105107314714,-0.33939882091685775,0.6292857142857103,0
2025-04-10 16:00:00,sell,109.472542875,109.1517674090625,0.0143,-0.009174178325812537,Loss,7.830652343221104,0.0,Stop Loss,0.12950716071428303,3.1667428392857033,-0.9125444478925004,-0.5614697304370179,-0.3510747174554826,0.6278571428571402,3
2025-04-18 15:10:00,sell,132.6967179525,132.40494907593748,0.0118,-0.006885745486875339,Loss,7.824470298017844,0.0,Stop Loss,0.059753666785724135,1.8939963332142895,-0.39875629344786034,-0.2674226971490832,-0.13133359629877717,0.37214285714286177,0
2025-04-23 20:25:00,sell,148.982633235,150.90200069625,0.0105,0.0403067166862501,Win,7.841869419572986,0.0,Take Profit,0.06995466357142277,2.183795336428574,-0.5481688357103849,-0.29891213217427437,-0.2492567035361105,0.42928571428571366,12
